"id","solicitacao_id","cliente_id","prestador_id","nota","comentario","criado_em"
"200487","400487","600171","200712","4","Excelente profissional, super recomendo!","2026-01-01 11:42:26"
"200110","400110","600593","200359","4","","2026-01-01 15:18:58"
"200753","400753","600717","200005","5","Muito satisfeito com o resultado. Recomendo.","2026-01-01 16:33:18"
"200248","400248","600911","200826","5","Profissional sério e comprometido. Recomendo a todos.","2026-01-01 17:26:04"
"200405","400405","601072","200164","3","Foi satisfatório.","2026-01-01 19:39:33"
"200127","400127","600794","200001","5","Atencioso e caprichoso no trabalho. Voltarei a usar.","2026-01-01 19:54:47"
"200374","400374","600424","200923","5","Perfeito, amei!","2026-01-02 00:42:15"
"200096","400096","600259","200898","5","","2026-01-02 00:46:15"
"200245","400245","601095","200720","5","mt bom","2026-01-02 02:22:33"
"200503","400503","601030","200480","5","Resolveu tudo rapidinho e com muita qualidade.","2026-01-02 03:37:08"
"200947","400947","600711","200275","5","Profissional dedicado e competente. Nota 10!","2026-01-02 03:44:03"
"200977","400977","601291","200781","5","Adorei o resultado final! Muito profissional.","2026-01-02 10:53:21"
"200581","400581","601443","200525","5","Trabalho feito com muito cuidado e dedicação.","2026-01-02 10:55:08"
"200027","400027","600728","200725","2","Péssimo atendimento.","2026-01-02 15:53:53"
"200230","400230","600311","200633","3","Razoável, nada além do básico.","2026-01-02 17:14:58"
"200822","400822","601153","200263","5","Muito pontual e educado. Ficou perfeito!","2026-01-02 17:28:35"
"200238","400238","600548","200588","5","Trabalho impecável, superou minhas expectativas.","2026-01-02 18:50:18"
"200548","400548","600555","200651","5","Trabalho impecável, superou minhas expectativas.","2026-01-02 20:40:05"
"200561","400561","600880","200121","5","Cumpriu tudo o que prometeu. Excelente!","2026-01-02 21:03:38"
"200181","400181","600242","200572","3","Normal, sem nada a destacar.","2026-01-02 22:50:54"
"200841","400841","600314","200205","4","Incrível, superou tudo.","2026-01-03 00:43:18"
"200312","400312","600404","200536","5","Trabalho feito com muito cuidado e dedicação.","2026-01-03 00:53:05"
"200756","400756","601292","200067","2","Péssimo atendimento.","2026-01-03 01:33:26"
"200771","400771","601451","200750","5","Melhor profissional que já contratei nessa área.","2026-01-03 06:58:49"
"200532","400532","601473","200432","2","","2026-01-03 10:11:04"
"200011","400011","601309","200540","5","Profissional sério e comprometido. Recomendo a todos.","2026-01-03 10:28:42"
"200019","400019","601201","200091","5","Ótimo serviço! Ficou melhor do que esperava.","2026-01-03 11:47:16"
"200542","400542","601312","200921","5","Recomendo sem hesitar. Trabalho nota 10!","2026-01-03 15:51:40"
"200631","400631","601103","200409","5","Muito pontual e educado. Ficou perfeito!","2026-01-03 16:29:04"
"200369","400369","601146","200267","5","Muito pontual e educado. Ficou perfeito!","2026-01-03 18:16:50"
"200671","400671","601479","200022","5","Muito bom trabalho. Faria negócio de novo.","2026-01-04 00:03:44"
"200225","400225","600194","200310","5","Perfeito, amei!","2026-01-04 04:00:51"
"200463","400463","600751","200345","5","Serviço de ótima qualidade, voltarei a contratar.","2026-01-04 10:28:48"
"200327","400327","601370","200899","5","Melhor profissional que já contratei nessa área.","2026-01-04 18:41:33"
"200957","400957","600325","200289","3","Dentro do esperado.","2026-01-05 01:10:45"
"200655","400655","601101","200318","5","Muito pontual e educado. Ficou perfeito!","2026-01-05 01:24:09"
"200954","400954","601491","200924","1","Serviço mal feito, precisou refazer partes.","2026-01-05 02:11:32"
"200647","400647","600332","200159","5","Muito bom trabalho. Faria negócio de novo.","2026-01-05 04:20:02"
"200566","400566","600332","200809","5","Atencioso e caprichoso no trabalho. Voltarei a usar.","2026-01-05 04:48:06"
"200930","400930","600475","200266","5","Recomendo sem hesitar. Trabalho nota 10!","2026-01-05 08:04:07"
"200133","400133","601224","200561","5","Profissional sério e comprometido. Recomendo a todos.","2026-01-05 09:36:25"
"200588","400588","600915","200757","3","Normal, sem nada a destacar.","2026-01-05 09:37:05"
"200360","400360","600155","200912","3","Foi satisfatório.","2026-01-05 11:08:39"
"200803","400803","600911","200411","5","Muito bom trabalho. Faria negócio de novo.","2026-01-05 19:25:20"
"200081","400081","600501","200932","3","Serviço mediano, mas resolveu o problema.","2026-01-06 00:31:44"
"200842","400842","600223","200662","4","Incrível, superou tudo.","2026-01-06 01:56:13"
"200659","400659","601380","200391","5","Recomendo sem hesitar. Trabalho nota 10!","2026-01-06 08:34:09"
"200642","400642","601407","200174","5","Trabalho impecável, superou minhas expectativas.","2026-01-06 08:36:13"
"200039","400039","600924","200312","5","Incrível, superou tudo.","2026-01-06 11:41:31"
"200028","400028","601098","200387","2","Faltou profissionalismo.","2026-01-06 15:47:15"
"200082","400082","600023","200423","5","Melhor profissional que já contratei nessa área.","2026-01-06 19:34:35"
"200116","400116","601116","200168","4","Fez um serviço excelente com um ótimo preço.","2026-01-07 01:01:08"
"200140","400140","600184","200450","1","Serviço mal feito, precisou refazer partes.","2026-01-07 01:34:01"
"200097","400097","600333","200808","5","Profissional sério e comprometido. Recomendo a todos.","2026-01-07 06:29:14"
"200192","400192","600056","200456","4","Profissional sério e comprometido. Recomendo a todos.","2026-01-07 09:39:00"
"200465","400465","601100","200942","5","Fez um serviço excelente com um ótimo preço.","2026-01-07 18:34:07"
"200783","400783","601155","200084","5","Fez um serviço excelente com um ótimo preço.","2026-01-08 00:23:16"
"200296","400296","600389","200770","4","Excelente profissional, super recomendo!","2026-01-08 00:55:49"
"200958","400958","600510","200976","5","Profissional dedicado e competente. Nota 10!","2026-01-08 01:07:14"
"200691","400691","600549","200292","5","Serviço de ótima qualidade, voltarei a contratar.","2026-01-08 01:22:26"
"200080","400080","600399","200952","4","Atencioso e caprichoso no trabalho. Voltarei a usar.","2026-01-08 07:01:36"
"200956","400956","600570","200860","5","Trabalho feito com muito cuidado e dedicação.","2026-01-08 13:17:59"
"200213","400213","601276","200682","5","Profissional sério e comprometido. Recomendo a todos.","2026-01-08 16:08:41"
"200517","400517","600583","200077","3","","2026-01-09 02:44:16"
"200066","400066","601017","200752","3","Normal, sem nada a destacar.","2026-01-09 07:16:34"
"200714","400714","600578","200343","2","Serviço mal feito, precisou refazer partes.","2026-01-09 11:33:06"
"200560","400560","600069","200743","5","Profissional sério e comprometido. Recomendo a todos.","2026-01-09 11:35:08"
"200454","400454","600037","200179","5","Adorei o resultado final! Muito profissional.","2026-01-09 12:17:41"
"200023","400023","601099","200456","4","Adorei o resultado final! Muito profissional.","2026-01-09 13:39:36"
"200537","400537","601293","200283","4","Cumpriu tudo o que prometeu. Excelente!","2026-01-09 16:18:46"
"200524","400524","600504","200120","5","","2026-01-09 18:34:04"
"200875","400875","600814","200718","5","Muito pontual e educado. Ficou perfeito!","2026-01-09 22:13:58"
"200389","400389","600746","200891","5","Top demais!","2026-01-10 02:17:28"
"200180","400180","600637","200691","2","Não cumpriu o prazo acordado.","2026-01-10 02:36:27"
"200636","400636","600748","200732","3","Dentro do esperado.","2026-01-10 04:57:15"
"200439","400439","600557","200593","5","Muito bom mesmo!","2026-01-10 10:44:09"
"200613","400613","600156","200150","4","Ótimo serviço! Ficou melhor do que esperava.","2026-01-10 14:33:57"
"200740","400740","600772","200761","5","Cumpriu tudo o que prometeu. Excelente!","2026-01-10 15:35:19"
"200923","400923","600647","200235","5","Serviço de ótima qualidade, voltarei a contratar.","2026-01-10 18:09:01"
"200574","400574","601449","200964","5","Resolveu tudo rapidinho e com muita qualidade.","2026-01-10 19:44:27"
"200141","400141","600427","200692","1","Não recomendo, fui mal atendido.","2026-01-10 20:33:42"
"200746","400746","600647","200865","5","Trabalho feito com muito cuidado e dedicação.","2026-01-11 01:11:31"
"200003","400003","601099","200576","4","","2026-01-11 01:52:45"
"200695","400695","600737","200919","5","Profissional dedicado e competente. Nota 10!","2026-01-11 04:54:19"
"200440","400440","600198","200126","4","Adorei o resultado final! Muito profissional.","2026-01-11 06:33:39"
"200249","400249","601337","200478","4","Muito bom mesmo!","2026-01-11 12:23:18"
"200882","400882","600518","200573","5","Cumpriu tudo o que prometeu. Excelente!","2026-01-11 15:01:45"
"200059","400059","600544","200515","5","Profissional sério e comprometido. Recomendo a todos.","2026-01-11 15:54:23"
"200900","400900","601100","200612","1","Preço não condizente com a qualidade entregue.","2026-01-11 17:16:55"
"200253","400253","600567","200803","4","Cumpriu tudo o que prometeu. Excelente!","2026-01-11 22:17:50"
"200521","400521","600531","200396","5","Profissional sério e comprometido. Recomendo a todos.","2026-01-12 04:42:44"
"200784","400784","600603","200748","3","Cumpriu o combinado.","2026-01-12 08:19:00"
"200813","400813","600776","200434","1","Preço não condizente com a qualidade entregue.","2026-01-12 09:42:04"
"200020","400020","600721","200235","4","Trabalho feito com muito cuidado e dedicação.","2026-01-12 14:20:40"
"200104","400104","600821","200354","5","","2026-01-12 19:41:53"
"200601","400601","601103","200429","5","Perfeito, amei!","2026-01-12 21:51:52"
"200070","400070","600029","200329","5","Atencioso e caprichoso no trabalho. Voltarei a usar.","2026-01-13 03:54:11"
"200136","400136","600349","200683","1","Resultado final deixou a desejar.","2026-01-13 04:20:51"
"200306","400306","601053","200939","4","","2026-01-13 07:45:15"
"200817","400817","600333","200567","1","Serviço mal feito, precisou refazer partes.","2026-01-13 09:45:15"
"200287","400287","600418","200689","4","Melhor profissional que já contratei nessa área.","2026-01-13 12:38:02"
"200169","400169","601386","200518","5","Atencioso e caprichoso no trabalho. Voltarei a usar.","2026-01-13 23:43:23"
"200590","400590","600814","200493","5","","2026-01-13 23:58:51"
"200398","400398","601091","200890","4","Cumpriu tudo o que prometeu. Excelente!","2026-01-14 07:56:35"
"200899","400899","600364","200222","5","Muito satisfeito com o resultado. Recomendo.","2026-01-14 11:14:26"
"200637","400637","601046","200704","4","Fez um serviço excelente com um ótimo preço.","2026-01-14 13:02:21"
"200974","400974","600805","200957","3","Tudo realizado de acordo.","2026-01-14 14:13:27"
"200737","400737","601042","200812","4","Muito bom trabalho. Faria negócio de novo.","2026-01-14 18:46:57"
"200743","400743","600879","200052","1","Péssimo atendimento.","2026-01-15 00:16:31"
"200380","400380","600123","200367","5","Fez um serviço excelente com um ótimo preço.","2026-01-15 00:44:10"
"200912","400912","600066","200392","5","Muito bom trabalho. Faria negócio de novo.","2026-01-15 01:25:04"
"200310","400310","600429","200570","5","Serviço de ótima qualidade, voltarei a contratar.","2026-01-15 08:07:53"
"200752","400752","600437","200187","5","Recomendo sem hesitar. Trabalho nota 10!","2026-01-15 08:43:38"
"200730","400730","600429","200812","5","","2026-01-15 10:01:10"
"200510","400510","600242","200948","4","Ótimo atendimento, serviço entregue no prazo.","2026-01-15 16:03:41"
"200423","400423","600650","200738","5","Preço justo e serviço de alta qualidade.","2026-01-15 18:53:13"
"200573","400573","600673","200241","4","","2026-01-15 18:57:06"
"200598","400598","600196","200210","4","Muito pontual e educado. Ficou perfeito!","2026-01-15 21:52:51"
"200799","400799","600655","200983","5","Perfeito, amei!","2026-01-15 21:59:11"
"200088","400088","600891","200401","5","Muito bom trabalho. Faria negócio de novo.","2026-01-15 23:09:56"
"200228","400228","600885","200942","5","","2026-01-16 03:29:11"
"200921","400921","600482","200367","1","Serviço mal feito, precisou refazer partes.","2026-01-16 03:47:12"
"200909","400909","600681","200429","3","Dentro do esperado.","2026-01-16 03:50:10"
"200032","400032","600295","200382","5","Top demais!","2026-01-16 05:15:39"
"200648","400648","601141","200714","5","Atencioso e caprichoso no trabalho. Voltarei a usar.","2026-01-16 10:05:46"
"200870","400870","600692","200869","3","Serviço ok, dentro do esperado.","2026-01-16 12:15:21"
"200944","400944","600078","200503","2","Serviço de qualidade ruim.","2026-01-16 12:21:53"
"200044","400044","600660","200271","4","Trabalho feito com muito cuidado e dedicação.","2026-01-16 14:30:47"
"200415","400415","600388","200215","5","","2026-01-16 22:46:33"
"200515","400515","600949","200628","5","Muito satisfeito com o resultado. Recomendo.","2026-01-16 22:47:14"
"200015","400015","600066","200868","5","Ótimo atendimento, serviço entregue no prazo.","2026-01-17 00:59:21"
"200094","400094","600195","200608","5","Top demais!","2026-01-17 01:44:18"
"200214","400214","600206","200250","1","Não cumpriu o prazo acordado.","2026-01-17 05:27:51"
"200437","400437","601011","200317","5","Melhor profissional que já contratei nessa área.","2026-01-17 15:35:48"
"200827","400827","601165","200253","3","Foi ok, mas poderia ser melhor.","2026-01-17 21:35:41"
"200005","400005","600336","200002","5","Incrível, superou tudo.","2026-01-18 00:18:30"
"200951","400951","600050","200240","4","","2026-01-18 03:34:49"
"200686","400686","601218","200579","5","Muito bom mesmo!","2026-01-18 10:26:16"
"200349","400349","601095","200858","5","Serviço de ótima qualidade, voltarei a contratar.","2026-01-18 11:24:27"
"200663","400663","600032","200439","5","Muito satisfeito com o resultado. Recomendo.","2026-01-18 13:00:06"
"200829","400829","601487","200945","4","","2026-01-18 23:42:22"
"200513","400513","600643","200074","4","","2026-01-19 02:09:59"
"200461","400461","601306","200379","5","Atencioso e caprichoso no trabalho. Voltarei a usar.","2026-01-19 03:57:20"
"200681","400681","600390","200254","5","","2026-01-19 04:43:09"
"200189","400189","600917","200732","1","Muito abaixo do esperado.","2026-01-19 05:41:23"
"200215","400215","600358","200935","5","Ótimo atendimento, serviço entregue no prazo.","2026-01-19 08:25:09"
"200233","400233","601034","200074","5","Resolveu tudo rapidinho e com muita qualidade.","2026-01-19 14:40:24"
"200155","400155","600347","200041","4","Preço justo e serviço de alta qualidade.","2026-01-19 19:15:17"
"200578","400578","600863","200493","4","Muito bom mesmo!","2026-01-19 21:03:24"
"200807","400807","600836","200481","5","mt bom","2026-01-19 22:22:52"
"200494","400494","600652","200088","3","Ok.","2026-01-20 02:26:32"
"200677","400677","601373","200025","4","","2026-01-20 15:21:43"
"200942","400942","600156","200607","5","Trabalho impecável, superou minhas expectativas.","2026-01-20 16:23:59"
"200924","400924","600630","200836","5","","2026-01-20 18:07:17"
"200420","400420","600780","200335","4","Ótimo serviço! Ficou melhor do que esperava.","2026-01-20 21:27:54"
"200185","400185","600811","200076","4","Muito bom trabalho. Faria negócio de novo.","2026-01-20 21:44:31"
"200480","400480","600168","200306","4","Preço justo e serviço de alta qualidade.","2026-01-21 00:41:37"
"200144","400144","600829","200998","5","Muito bom mesmo!","2026-01-21 04:21:40"
"200434","400434","600574","200651","5","Muito bom mesmo!","2026-01-21 05:11:14"
"200528","400528","600970","200826","5","mt bom","2026-01-21 06:56:04"
"200819","400819","601265","200716","3","Razoável, nada além do básico.","2026-01-21 17:02:43"
"200060","400060","600780","200053","5","Resolveu tudo rapidinho e com muita qualidade.","2026-01-21 20:49:38"
"200824","400824","601293","200079","2","Demorou mais do que o combinado.","2026-01-21 21:33:02"
"200292","400292","600700","200796","5","","2026-01-22 07:53:05"
"200509","400509","600949","200648","2","Preço não condizente com a qualidade entregue.","2026-01-22 08:28:50"
"200488","400488","600969","200637","4","mt bom","2026-01-22 12:22:47"
"200418","400418","600862","200498","5","Atencioso e caprichoso no trabalho. Voltarei a usar.","2026-01-22 12:47:37"
"200458","400458","601059","200823","3","Foi satisfatório.","2026-01-22 15:19:45"
"200358","400358","601474","200290","5","","2026-01-22 18:26:59"
"200084","400084","601432","200299","5","Resolveu tudo rapidinho e com muita qualidade.","2026-01-22 21:18:39"
"200575","400575","600072","200222","5","Perfeito, amei!","2026-01-22 22:22:49"
"200124","400124","600901","200980","4","Muito pontual e educado. Ficou perfeito!","2026-01-22 23:45:40"
"200099","400099","601355","200415","1","Serviço de qualidade ruim.","2026-01-23 05:04:47"
"200649","400649","601471","200266","5","Serviço de ótima qualidade, voltarei a contratar.","2026-01-23 10:39:14"
"200719","400719","601275","200665","3","Cumpriu o combinado.","2026-01-23 11:18:05"
"200184","400184","600674","200715","5","Cumpriu tudo o que prometeu. Excelente!","2026-01-23 17:05:40"
"200725","400725","600084","200550","5","Melhor profissional que já contratei nessa área.","2026-01-23 17:53:55"
"200786","400786","600536","200151","5","Profissional dedicado e competente. Nota 10!","2026-01-23 19:48:35"
"200442","400442","600133","200930","5","Serviço impecável. Pontual e prestativo.","2026-01-23 20:23:36"
"200988","400988","601194","200122","4","Resolveu tudo rapidinho e com muita qualidade.","2026-01-23 20:45:20"
"200224","400224","600326","200543","3","Dentro do esperado.","2026-01-24 01:11:30"
"200854","400854","600212","200518","5","Profissional dedicado e competente. Nota 10!","2026-01-24 05:08:43"
"200940","400940","601379","200279","5","Cumpriu tudo o que prometeu. Excelente!","2026-01-24 05:40:35"
"200584","400584","601213","200727","4","Muito pontual e educado. Ficou perfeito!","2026-01-24 08:07:04"
"200721","400721","600700","200898","5","Top demais!","2026-01-24 08:53:30"
"200191","400191","600754","200358","2","Decepcionante, não voltaria a contratar.","2026-01-24 12:20:04"
"200090","400090","601498","200738","5","Profissional dedicado e competente. Nota 10!","2026-01-24 16:34:54"
"200058","400058","600771","200378","2","Serviço mal feito, precisou refazer partes.","2026-01-24 18:05:02"
"200409","400409","600879","200949","4","Trabalho feito com muito cuidado e dedicação.","2026-01-25 00:19:43"
"200955","400955","600817","200221","4","Ótimo atendimento, serviço entregue no prazo.","2026-01-25 01:44:09"
"200591","400591","600950","200022","5","Atencioso e caprichoso no trabalho. Voltarei a usar.","2026-01-25 01:50:40"
"200932","400932","601349","200133","5","","2026-01-25 04:09:38"
"200874","400874","601500","200379","3","Foi satisfatório.","2026-01-25 06:54:11"
"200468","400468","600493","200463","4","Ótimo serviço! Ficou melhor do que esperava.","2026-01-25 12:08:22"
"200804","400804","601111","200840","5","","2026-01-25 12:17:23"
"200007","400007","600209","200928","1","Serviço de qualidade ruim.","2026-01-25 12:21:58"
"200963","400963","600495","200231","5","mt bom","2026-01-25 12:43:15"
"200885","400885","600445","200560","4","","2026-01-25 14:26:03"
"200202","400202","600784","200580","5","Trabalho feito com muito cuidado e dedicação.","2026-01-26 02:39:39"
"200556","400556","600450","200884","5","Resolveu tudo rapidinho e com muita qualidade.","2026-01-26 09:05:49"
"200126","400126","600735","200966","5","","2026-01-26 16:34:56"
"200294","400294","600129","200168","5","Trabalho impecável, superou minhas expectativas.","2026-01-26 16:46:40"
"200417","400417","600941","200496","4","Muito pontual e educado. Ficou perfeito!","2026-01-26 18:18:03"
"200278","400278","600937","200509","5","mt bom","2026-01-26 19:14:30"
"200079","400079","600893","200530","4","Cumpriu tudo o que prometeu. Excelente!","2026-01-27 03:05:50"
"200891","400891","600032","200541","5","Resolveu tudo rapidinho e com muita qualidade.","2026-01-27 06:00:23"
"200282","400282","601259","200131","4","Serviço impecável. Pontual e prestativo.","2026-01-27 13:31:56"
"200666","400666","600299","200403","5","Profissional sério e comprometido. Recomendo a todos.","2026-01-27 16:14:54"
"200319","400319","600694","200126","3","Foi satisfatório.","2026-01-27 18:32:54"
"200698","400698","601380","200288","5","Profissional dedicado e competente. Nota 10!","2026-01-27 19:36:32"
"200328","400328","601486","200541","2","Serviço de qualidade ruim.","2026-01-27 22:50:49"
"200833","400833","600680","200880","5","Serviço impecável. Pontual e prestativo.","2026-01-28 01:27:55"
"200408","400408","600781","200354","3","Tudo realizado de acordo.","2026-01-28 02:38:44"
"200448","400448","600327","200348","4","Profissional dedicado e competente. Nota 10!","2026-01-28 02:46:55"
"200978","400978","600444","200732","5","Cumpriu tudo o que prometeu. Excelente!","2026-01-28 02:54:24"
"200330","400330","601481","200981","3","Foi ok, mas poderia ser melhor.","2026-01-28 04:50:08"
"200397","400397","601321","200104","5","Melhor profissional que já contratei nessa área.","2026-01-28 05:06:34"
"200164","400164","601457","200793","3","Tudo realizado de acordo.","2026-01-28 05:51:36"
"200862","400862","601060","200218","5","Excelente profissional, super recomendo!","2026-01-28 07:11:56"
"200997","400997","601008","200720","5","Profissional dedicado e competente. Nota 10!","2026-01-28 10:11:25"
"200102","400102","600482","200804","5","Muito bom mesmo!","2026-01-28 18:27:31"
"200834","400834","600437","200114","5","Adorei o resultado final! Muito profissional.","2026-01-28 21:01:18"
"200538","400538","601184","200873","4","Recomendo sem hesitar. Trabalho nota 10!","2026-01-28 23:01:19"
"200483","400483","600132","200565","5","Ótimo serviço! Ficou melhor do que esperava.","2026-01-29 02:45:03"
"200347","400347","600046","200833","5","Trabalho impecável, superou minhas expectativas.","2026-01-29 04:58:39"
"200907","400907","600696","200744","5","","2026-01-29 06:36:04"
"200736","400736","600951","200695","5","Muito satisfeito com o resultado. Recomendo.","2026-01-29 08:08:44"
"200507","400507","600501","200208","5","Trabalho impecável, superou minhas expectativas.","2026-01-29 09:53:48"
"200258","400258","600986","200635","1","Resultado final deixou a desejar.","2026-01-29 18:49:22"
"200576","400576","601243","200300","5","Incrível, superou tudo.","2026-01-29 22:08:34"
"200628","400628","601091","200315","1","Resultado final deixou a desejar.","2026-01-29 23:50:20"
"200689","400689","600350","200296","5","Profissional sério e comprometido. Recomendo a todos.","2026-01-30 00:00:33"
"200518","400518","600867","200385","5","Serviço impecável. Pontual e prestativo.","2026-01-30 03:18:58"
"200313","400313","601126","200743","5","Ótimo serviço! Ficou melhor do que esperava.","2026-01-30 15:26:26"
"200086","400086","601056","200027","5","","2026-01-30 16:26:51"
"200022","400022","601476","200239","5","Ótimo atendimento, serviço entregue no prazo.","2026-01-30 20:34:52"
"200135","400135","600435","200510","1","Demorou mais do que o combinado.","2026-01-30 21:29:35"
"200905","400905","600104","200915","3","Serviço ok, dentro do esperado.","2026-01-31 05:56:11"
"200816","400816","600450","200770","5","Resolveu tudo rapidinho e com muita qualidade.","2026-01-31 16:04:10"
"200277","400277","600995","200378","5","Ótimo serviço! Ficou melhor do que esperava.","2026-01-31 17:17:27"
"200340","400340","600857","200974","5","Adorei o resultado final! Muito profissional.","2026-01-31 20:07:04"
"200477","400477","600781","200769","3","Bueno.","2026-01-31 20:33:49"
"200920","400920","600699","200178","4","Trabalho impecável, superou minhas expectativas.","2026-01-31 23:30:30"
"200285","400285","601446","200621","5","Muito bom mesmo!","2026-02-01 01:47:26"
"200709","400709","600411","200997","5","Muito pontual e educado. Ficou perfeito!","2026-02-01 04:05:54"
"200523","400523","600530","200407","5","Trabalho feito com muito cuidado e dedicação.","2026-02-01 10:56:30"
"200485","400485","600853","200678","2","Profissional pouco atencioso e descuidado.","2026-02-01 13:45:09"
"200197","400197","601144","200227","5","Incrível, superou tudo.","2026-02-01 14:03:08"
"200911","400911","600739","200883","5","","2026-02-01 17:48:43"
"200314","400314","600265","200977","5","Preço justo e serviço de alta qualidade.","2026-02-01 19:35:55"
"200831","400831","600324","200546","5","mt bom","2026-02-01 22:18:59"
"200992","400992","601007","200865","1","Não cumpriu o prazo acordado.","2026-02-02 02:54:52"
"200704","400704","600183","200678","5","Cumpriu tudo o que prometeu. Excelente!","2026-02-02 08:33:46"
"200256","400256","601330","200310","5","Ótimo serviço! Ficou melhor do que esperava.","2026-02-02 14:38:59"
"200207","400207","600954","200711","5","Profissional dedicado e competente. Nota 10!","2026-02-02 16:02:08"
"200346","400346","601177","200066","3","Dentro do esperado.","2026-02-02 16:31:40"
"200337","400337","600146","200215","4","Muito bom mesmo!","2026-02-02 17:04:03"
"200281","400281","600429","200337","1","Resultado final deixou a desejar.","2026-02-03 05:38:47"
"200927","400927","600007","200932","5","Muito pontual e educado. Ficou perfeito!","2026-02-03 07:23:24"
"200720","400720","600078","200437","3","","2026-02-03 10:11:16"
"200970","400970","600623","200955","5","mt bom","2026-02-03 13:51:33"
"200676","400676","601231","200462","1","Faltou profissionalismo.","2026-02-03 13:52:53"
"200443","400443","600594","200056","1","Não cumpriu o prazo acordado.","2026-02-03 14:28:48"
"200692","400692","600477","200557","2","Profissional pouco atencioso e descuidado.","2026-02-03 18:22:12"
"200403","400403","600885","200056","5","Perfeito, amei!","2026-02-03 19:23:36"
"200128","400128","600855","200133","5","Muito pontual e educado. Ficou perfeito!","2026-02-03 21:56:09"
"200289","400289","601420","200186","5","Serviço impecável. Pontual e prestativo.","2026-02-03 22:22:49"
"200597","400597","601203","200586","5","Excelente profissional, super recomendo!","2026-02-04 03:00:14"
"200800","400800","600973","200561","4","Cumpriu tudo o que prometeu. Excelente!","2026-02-04 09:52:36"
"200355","400355","600373","200178","3","Foi ok, mas poderia ser melhor.","2026-02-04 13:30:02"
"200699","400699","600132","200369","5","Profissional sério e comprometido. Recomendo a todos.","2026-02-04 13:59:22"
"200697","400697","600572","200510","5","Trabalho impecável, superou minhas expectativas.","2026-02-04 14:34:04"
"200390","400390","600238","200656","5","Preço justo e serviço de alta qualidade.","2026-02-04 14:39:56"
"200240","400240","600917","200397","3","Razoável, nada além do básico.","2026-02-04 20:14:35"
"200908","400908","601132","200010","1","Deixou o ambiente sujo após o trabalho.","2026-02-04 23:10:38"
"200055","400055","600920","200352","5","Muito satisfeito com o resultado. Recomendo.","2026-02-05 02:00:41"
"200938","400938","601385","200650","5","Melhor profissional que já contratei nessa área.","2026-02-05 03:36:04"
"200372","400372","601013","200398","3","Ok.","2026-02-05 03:44:42"
"200828","400828","600314","200896","3","Tudo realizado de acordo.","2026-02-05 12:20:56"
"200603","400603","600282","200163","5","Top demais!","2026-02-05 14:32:45"
"200658","400658","600578","200444","5","","2026-02-05 18:14:12"
"200433","400433","600192","200408","5","Profissional sério e comprometido. Recomendo a todos.","2026-02-05 18:16:02"
"200966","400966","601008","200025","4","","2026-02-05 20:10:54"
"200176","400176","601424","200350","5","Serviço de ótima qualidade, voltarei a contratar.","2026-02-05 20:33:03"
"200915","400915","600743","200345","5","Adorei o resultado final! Muito profissional.","2026-02-06 05:49:20"
"200018","400018","600794","200587","5","Excelente profissional, super recomendo!","2026-02-06 17:05:31"
"200283","400283","601193","200527","4","Top demais!","2026-02-06 23:13:28"
"200383","400383","600851","200279","5","Melhor profissional que já contratei nessa área.","2026-02-06 23:24:28"
"200210","400210","600476","200628","5","Resolveu tudo rapidinho e com muita qualidade.","2026-02-07 03:22:50"
"200211","400211","601205","200609","1","Serviço mal feito, precisou refazer partes.","2026-02-07 05:53:52"
"200759","400759","601108","200299","5","Preço justo e serviço de alta qualidade.","2026-02-07 07:44:46"
"200512","400512","600350","200768","1","Não recomendo, fui mal atendido.","2026-02-07 08:01:23"
"200600","400600","600194","200419","4","Cumpriu tudo o que prometeu. Excelente!","2026-02-07 14:26:46"
"200917","400917","600268","200363","1","Serviço mal feito, precisou refazer partes.","2026-02-07 15:51:13"
"200266","400266","600395","200036","5","Trabalho feito com muito cuidado e dedicação.","2026-02-07 15:54:35"
"200045","400045","600404","200518","3","Tudo realizado de acordo.","2026-02-07 16:51:59"
"200836","400836","600957","200108","5","Muito satisfeito com o resultado. Recomendo.","2026-02-07 17:24:18"
"200868","400868","600426","200136","5","Incrível, superou tudo.","2026-02-07 20:36:41"
"200624","400624","600344","200529","4","mt bom","2026-02-07 23:43:49"
"200223","400223","600300","200696","5","","2026-02-08 07:40:45"
"200459","400459","600807","200700","5","Recomendo sem hesitar. Trabalho nota 10!","2026-02-08 09:20:15"
"200941","400941","601013","200401","5","","2026-02-08 10:09:19"
"200154","400154","601153","200601","5","Profissional sério e comprometido. Recomendo a todos.","2026-02-08 13:55:29"
"200625","400625","600051","200064","2","Preço não condizente com a qualidade entregue.","2026-02-08 21:16:46"
"200857","400857","601330","200596","2","Faltou profissionalismo.","2026-02-08 23:49:41"
"200098","400098","600202","200150","4","Serviço impecável. Pontual e prestativo.","2026-02-08 23:53:37"
"200419","400419","601227","200940","5","Trabalho feito com muito cuidado e dedicação.","2026-02-09 09:13:12"
"200745","400745","600845","200038","1","Demorou mais do que o combinado.","2026-02-09 10:43:06"
"200043","400043","600191","200279","5","Atencioso e caprichoso no trabalho. Voltarei a usar.","2026-02-09 11:18:59"
"200508","400508","601246","200942","5","Perfeito, amei!","2026-02-09 11:28:32"
"200747","400747","600983","200688","5","Resolveu tudo rapidinho e com muita qualidade.","2026-02-09 19:46:48"
"200455","400455","600306","200659","1","Serviço de qualidade ruim.","2026-02-09 23:10:22"
"200702","400702","600411","200850","4","Profissional dedicado e competente. Nota 10!","2026-02-10 09:06:52"
"200744","400744","601408","200253","1","Não recomendo, fui mal atendido.","2026-02-10 09:28:40"
"200760","400760","601322","200715","5","Muito satisfeito com o resultado. Recomendo.","2026-02-10 11:06:43"
"200967","400967","600446","200068","4","","2026-02-10 19:08:01"
"200280","400280","600739","200403","5","mt bom","2026-02-10 23:05:39"
"200085","400085","600579","200688","5","Profissional sério e comprometido. Recomendo a todos.","2026-02-11 04:02:36"
"200265","400265","601286","200665","3","Bueno.","2026-02-11 11:07:47"
"200853","400853","601096","200687","5","","2026-02-11 11:41:18"
"200404","400404","601056","200932","5","Serviço de ótima qualidade, voltarei a contratar.","2026-02-11 12:13:49"
"200401","400401","601443","200071","5","Muito bom mesmo!","2026-02-11 16:52:42"
"200995","400995","600904","200444","5","Incrível, superou tudo.","2026-02-11 21:02:27"
"200139","400139","600748","200077","5","","2026-02-11 23:30:18"
"200054","400054","601371","200877","5","Ótimo serviço! Ficou melhor do que esperava.","2026-02-12 01:24:09"
"200931","400931","600410","200605","1","Profissional pouco atencioso e descuidado.","2026-02-12 06:19:52"
"200650","400650","600259","200648","5","Muito bom mesmo!","2026-02-12 10:19:13"
"200365","400365","600213","200670","3","Tudo realizado de acordo.","2026-02-12 14:40:40"
"200670","400670","600116","200481","3","Ok.","2026-02-12 16:23:08"
"200375","400375","600833","200178","5","Trabalho impecável, superou minhas expectativas.","2026-02-13 01:21:40"
"200341","400341","600016","200297","5","Excelente profissional, super recomendo!","2026-02-13 02:15:07"
"200261","400261","600765","200866","3","Razoável, nada além do básico.","2026-02-13 03:07:41"
"200302","400302","600474","200841","5","Atencioso e caprichoso no trabalho. Voltarei a usar.","2026-02-13 07:05:13"
"200595","400595","601256","200670","4","Profissional dedicado e competente. Nota 10!","2026-02-13 08:51:23"
"200335","400335","601293","200036","4","","2026-02-13 09:04:19"
"200849","400849","600201","200981","5","Excelente profissional, super recomendo!","2026-02-13 11:19:24"
"200074","400074","600398","200311","5","Adorei o resultado final! Muito profissional.","2026-02-13 12:33:05"
"200643","400643","600450","200372","2","Faltou profissionalismo.","2026-02-13 13:35:31"
"200990","400990","600615","200366","5","Cumpriu tudo o que prometeu. Excelente!","2026-02-13 13:38:25"
"200847","400847","600542","200728","5","Preço justo e serviço de alta qualidade.","2026-02-13 16:52:41"
"200653","400653","601137","200695","4","","2026-02-13 17:47:20"
"200246","400246","601448","200944","4","Cumpriu tudo o que prometeu. Excelente!","2026-02-13 18:42:16"
"200493","400493","601232","200713","5","Resolveu tudo rapidinho e com muita qualidade.","2026-02-13 21:07:37"
"200717","400717","601449","200810","3","Normal, sem nada a destacar.","2026-02-13 21:15:05"
"200194","400194","600311","200328","5","Ótimo serviço! Ficou melhor do que esperava.","2026-02-13 23:03:29"
"200516","400516","600606","200118","5","Recomendo sem hesitar. Trabalho nota 10!","2026-02-14 02:16:07"
"200726","400726","600636","200017","1","Decepcionante, não voltaria a contratar.","2026-02-14 03:31:00"
"200541","400541","600339","200661","4","","2026-02-14 06:07:35"
"200413","400413","601074","200420","5","Serviço de ótima qualidade, voltarei a contratar.","2026-02-14 08:24:17"
"200221","400221","600328","200937","5","Muito satisfeito com o resultado. Recomendo.","2026-02-14 10:24:41"
"200183","400183","600132","200818","3","Atendeu às expectativas.","2026-02-14 10:40:55"
"200531","400531","600101","200594","5","Atencioso e caprichoso no trabalho. Voltarei a usar.","2026-02-14 15:33:06"
"200157","400157","600363","200926","2","Demorou mais do que o combinado.","2026-02-14 23:00:08"
"200456","400456","600458","200733","5","Trabalho impecável, superou minhas expectativas.","2026-02-15 02:38:38"
"200204","400204","600910","200694","5","Recomendo sem hesitar. Trabalho nota 10!","2026-02-15 15:28:31"
"200530","400530","601175","200881","4","Recomendo sem hesitar. Trabalho nota 10!","2026-02-15 15:52:23"
"200339","400339","600378","200291","2","Deixou o ambiente sujo após o trabalho.","2026-02-15 17:00:29"
"200936","400936","601136","200735","4","Incrível, superou tudo.","2026-02-15 17:41:20"
"200715","400715","600582","200417","5","Muito bom mesmo!","2026-02-15 19:45:33"
"200229","400229","600550","200258","5","Fez um serviço excelente com um ótimo preço.","2026-02-15 20:09:52"
"200343","400343","600614","200789","5","Serviço de ótima qualidade, voltarei a contratar.","2026-02-15 20:11:57"
"200933","400933","600335","200024","4","Ótimo serviço! Ficou melhor do que esperava.","2026-02-15 23:52:20"
"200774","400774","600346","200455","2","Serviço mal feito, precisou refazer partes.","2026-02-16 04:45:26"
"200305","400305","600764","200940","4","Trabalho impecável, superou minhas expectativas.","2026-02-16 10:06:16"
"200101","400101","600901","200980","5","Muito satisfeito com o resultado. Recomendo.","2026-02-16 10:28:51"
"200902","400902","601380","200053","1","Serviço de qualidade ruim.","2026-02-16 17:54:17"
"200873","400873","600967","200062","2","Não tive o serviço esperado.","2026-02-16 19:58:18"
"200452","400452","600752","200770","5","Trabalho feito com muito cuidado e dedicação.","2026-02-16 22:08:33"
"200295","400295","600688","200663","3","Foi ok, mas poderia ser melhor.","2026-02-16 23:59:45"
"200242","400242","600295","200836","5","Melhor profissional que já contratei nessa área.","2026-02-17 08:25:39"
"200582","400582","600840","200772","3","Razoável, nada além do básico.","2026-02-17 11:25:07"
"200004","400004","600327","200139","4","Profissional sério e comprometido. Recomendo a todos.","2026-02-17 14:32:38"
"200384","400384","600441","200957","5","Serviço impecável. Pontual e prestativo.","2026-02-17 17:58:35"
"200547","400547","600855","200823","5","Profissional dedicado e competente. Nota 10!","2026-02-17 18:11:55"
"200546","400546","601121","200773","4","Perfeito, amei!","2026-02-17 18:28:33"
"200791","400791","600940","200032","2","Faltou profissionalismo.","2026-02-17 21:24:51"
"200820","400820","600317","200889","4","Perfeito, amei!","2026-02-18 01:07:51"
"200324","400324","600932","200323","2","","2026-02-18 04:06:54"
"200840","400840","600936","200411","5","Serviço impecável. Pontual e prestativo.","2026-02-18 04:50:33"
"200683","400683","600221","200816","5","Ótimo atendimento, serviço entregue no prazo.","2026-02-18 08:44:14"
"200883","400883","600359","200742","5","Excelente profissional, super recomendo!","2026-02-18 19:27:33"
"200120","400120","600117","200937","4","Profissional dedicado e competente. Nota 10!","2026-02-18 22:44:22"
"200580","400580","600787","200111","5","Serviço de ótima qualidade, voltarei a contratar.","2026-02-19 00:58:37"
"200926","400926","600418","200512","4","Muito bom mesmo!","2026-02-19 04:28:08"
"200776","400776","600631","200118","4","Fez um serviço excelente com um ótimo preço.","2026-02-19 08:25:00"
"200451","400451","601113","200863","5","Ótimo serviço! Ficou melhor do que esperava.","2026-02-19 09:46:23"
"200237","400237","600764","200872","3","Atendeu às expectativas.","2026-02-19 10:02:08"
"200024","400024","600021","200138","5","Excelente profissional, super recomendo!","2026-02-19 18:44:06"
"200536","400536","600503","200332","5","Serviço impecável. Pontual e prestativo.","2026-02-19 19:03:11"
"200534","400534","600671","200923","3","Ok.","2026-02-19 19:42:43"
"200304","400304","600628","200098","4","Excelente profissional, super recomendo!","2026-02-19 22:14:49"
"200754","400754","600308","200300","1","","2026-02-20 00:06:19"
"200352","400352","600193","200026","5","Recomendo sem hesitar. Trabalho nota 10!","2026-02-20 01:14:54"
"200815","400815","600679","200558","5","Recomendo sem hesitar. Trabalho nota 10!","2026-02-20 04:33:16"
"200482","400482","600573","200852","4","Cumpriu tudo o que prometeu. Excelente!","2026-02-20 07:02:34"
"201000","401000","600636","200869","5","Muito bom mesmo!","2026-02-20 13:50:12"
"200317","400317","600038","200887","2","Demorou mais do que o combinado.","2026-02-20 20:14:36"
"200768","400768","600725","200666","1","Preço não condizente com a qualidade entregue.","2026-02-20 22:04:00"
"200107","400107","601313","200881","5","Melhor profissional que já contratei nessa área.","2026-02-21 02:53:33"
"200491","400491","600890","200420","5","Atencioso e caprichoso no trabalho. Voltarei a usar.","2026-02-21 05:28:45"
"200672","400672","600476","200246","4","mt bom","2026-02-21 10:34:40"
"200592","400592","600828","200060","5","Top demais!","2026-02-21 12:59:41"
"200376","400376","600635","200679","4","Incrível, superou tudo.","2026-02-21 15:00:55"
"200001","400001","600108","200275","2","Péssimo atendimento.","2026-02-21 18:13:50"
"200903","400903","601089","200470","4","","2026-02-21 18:20:05"
"200897","400897","600796","200043","4","Ótimo serviço! Ficou melhor do que esperava.","2026-02-21 19:56:28"
"200660","400660","600043","200054","5","Fez um serviço excelente com um ótimo preço.","2026-02-21 23:04:23"
"200687","400687","600393","200614","5","Melhor profissional que já contratei nessa área.","2026-02-21 23:28:14"
"200918","400918","601318","200976","5","Ótimo atendimento, serviço entregue no prazo.","2026-02-22 10:43:39"
"200757","400757","601341","200505","5","Melhor profissional que já contratei nessa área.","2026-02-22 11:08:55"
"200250","400250","600487","200024","4","","2026-02-22 14:19:20"
"200976","400976","601233","200181","5","Melhor profissional que já contratei nessa área.","2026-02-22 20:09:05"
"200522","400522","600802","200884","4","Preço justo e serviço de alta qualidade.","2026-02-22 21:04:54"
"200479","400479","600200","200797","5","Cumpriu tudo o que prometeu. Excelente!","2026-02-23 02:58:53"
"200492","400492","601363","200181","2","Profissional pouco atencioso e descuidado.","2026-02-23 05:16:55"
"200818","400818","601476","200204","3","Serviço mediano, mas resolveu o problema.","2026-02-23 06:05:41"
"200639","400639","600213","200129","5","Incrível, superou tudo.","2026-02-23 08:56:03"
"200711","400711","600319","200974","5","Muito bom trabalho. Faria negócio de novo.","2026-02-23 12:17:29"
"200618","400618","600555","200361","2","Péssimo atendimento.","2026-02-23 23:44:10"
"200326","400326","600661","200550","5","Melhor profissional que já contratei nessa área.","2026-02-24 14:00:06"
"200147","400147","600748","200523","5","Fez um serviço excelente com um ótimo preço.","2026-02-25 02:00:29"
"200729","400729","600869","200003","5","Perfeito, amei!","2026-02-25 02:38:39"
"200876","400876","600149","200001","5","Profissional sério e comprometido. Recomendo a todos.","2026-02-25 03:59:39"
"200587","400587","600248","200814","5","","2026-02-25 07:59:53"
"200392","400392","601366","200752","5","Cumpriu tudo o que prometeu. Excelente!","2026-02-25 10:56:06"
"200826","400826","601252","200503","5","Top demais!","2026-02-25 16:42:16"
"200122","400122","600245","200683","5","Profissional sério e comprometido. Recomendo a todos.","2026-02-25 17:02:41"
"200193","400193","600420","200824","4","Perfeito, amei!","2026-02-25 17:48:16"
"200378","400378","600977","200876","5","Resolveu tudo rapidinho e com muita qualidade.","2026-02-25 18:54:31"
"200585","400585","601173","200345","5","Muito satisfeito com o resultado. Recomendo.","2026-02-25 21:25:08"
"200105","400105","600119","200564","2","Resultado final deixou a desejar.","2026-02-25 22:29:38"
"200959","400959","600144","200632","2","Faltou profissionalismo.","2026-02-25 22:58:03"
"200322","400322","601296","200659","5","Preço justo e serviço de alta qualidade.","2026-02-26 02:06:47"
"200861","400861","600600","200539","4","Ótimo serviço! Ficou melhor do que esperava.","2026-02-26 02:19:06"
"200886","400886","601228","200968","5","Perfeito, amei!","2026-02-26 07:01:03"
"200034","400034","600628","200150","5","Incrível, superou tudo.","2026-02-26 13:03:59"
"200872","400872","600212","200196","1","Não recomendo, fui mal atendido.","2026-02-26 13:45:58"
"200948","400948","601377","200223","5","Melhor profissional que já contratei nessa área.","2026-02-26 21:43:31"
"200111","400111","600718","200519","5","mt bom","2026-02-27 02:46:05"
"200707","400707","600093","200570","5","Incrível, superou tudo.","2026-02-27 09:25:08"
"200332","400332","600281","200324","5","Serviço impecável. Pontual e prestativo.","2026-02-27 09:51:46"
"200693","400693","601454","200969","4","Muito bom mesmo!","2026-02-27 10:05:39"
"200446","400446","600548","200531","2","Péssimo atendimento.","2026-02-27 13:30:38"
"200596","400596","600657","200688","4","Trabalho feito com muito cuidado e dedicação.","2026-02-27 15:58:47"
"200971","400971","601141","200639","5","Incrível, superou tudo.","2026-02-28 06:46:29"
"200665","400665","600665","200740","4","Profissional sério e comprometido. Recomendo a todos.","2026-02-28 09:39:48"
"200146","400146","600279","200801","5","Preço justo e serviço de alta qualidade.","2026-02-28 15:14:53"
"200315","400315","601276","200892","5","Perfeito, amei!","2026-02-28 18:15:45"
"200273","400273","601343","200109","3","Razoável, nada além do básico.","2026-02-28 20:44:13"
"200630","400630","600010","200034","3","","2026-03-01 00:58:12"
"200208","400208","600706","200717","5","Profissional dedicado e competente. Nota 10!","2026-03-01 02:11:10"
"200621","400621","601051","200857","5","Serviço de ótima qualidade, voltarei a contratar.","2026-03-01 04:37:35"
"200712","400712","601480","200687","4","Melhor profissional que já contratei nessa área.","2026-03-01 04:59:10"
"200009","400009","600544","200481","5","Incrível, superou tudo.","2026-03-01 05:51:20"
"200739","400739","600548","200242","5","Top demais!","2026-03-01 14:43:08"
"200568","400568","600195","200029","5","Incrível, superou tudo.","2026-03-01 17:05:43"
"200432","400432","600681","200064","1","Muito abaixo do esperado.","2026-03-01 18:10:17"
"200848","400848","600302","200614","1","Deixou o ambiente sujo após o trabalho.","2026-03-01 19:48:02"
"200866","400866","601384","200721","5","Muito bom trabalho. Faria negócio de novo.","2026-03-01 20:16:28"
"200123","400123","601307","200888","5","Muito bom mesmo!","2026-03-01 21:18:17"
"200506","400506","600535","200038","1","Não recomendo, fui mal atendido.","2026-03-01 23:38:52"
"200325","400325","600913","200405","4","Muito bom trabalho. Faria negócio de novo.","2026-03-02 02:15:50"
"200132","400132","601114","200732","3","Foi ok, mas poderia ser melhor.","2026-03-02 11:15:25"
"200640","400640","601362","200449","1","Não valeu o preço.","2026-03-02 11:44:19"
"200368","400368","601385","200192","5","Excelente profissional, super recomendo!","2026-03-02 14:02:41"
"200342","400342","600898","200447","3","Foi ok, mas poderia ser melhor.","2026-03-02 15:01:09"
"200338","400338","601050","200886","5","Profissional dedicado e competente. Nota 10!","2026-03-02 21:20:40"
"200356","400356","601024","200020","4","Profissional dedicado e competente. Nota 10!","2026-03-02 21:26:00"
"200540","400540","601437","201000","5","Melhor profissional que já contratei nessa área.","2026-03-02 21:41:28"
"200969","400969","600266","200581","4","Profissional dedicado e competente. Nota 10!","2026-03-03 00:15:17"
"200428","400428","600689","200676","4","Fez um serviço excelente com um ótimo preço.","2026-03-03 03:39:19"
"200773","400773","601018","200888","4","Ótimo atendimento, serviço entregue no prazo.","2026-03-03 04:04:34"
"200046","400046","600550","200579","4","Recomendo sem hesitar. Trabalho nota 10!","2026-03-03 13:27:30"
"200961","400961","600702","200149","3","Atendeu às expectativas.","2026-03-03 16:27:40"
"200914","400914","600001","200316","5","Recomendo sem hesitar. Trabalho nota 10!","2026-03-03 18:06:39"
"200664","400664","600871","200290","5","Trabalho feito com muito cuidado e dedicação.","2026-03-03 20:21:06"
"200478","400478","601218","200638","1","Decepcionante, não voltaria a contratar.","2026-03-03 20:42:08"
"200268","400268","600588","200141","5","Muito bom trabalho. Faria negócio de novo.","2026-03-04 06:47:35"
"200553","400553","600381","200953","5","Serviço de ótima qualidade, voltarei a contratar.","2026-03-04 11:39:32"
"200201","400201","600955","200101","5","Recomendo sem hesitar. Trabalho nota 10!","2026-03-04 13:06:17"
"200232","400232","600620","200500","2","Não valeu o preço.","2026-03-04 18:12:28"
"200904","400904","600810","200735","3","Ok.","2026-03-04 20:17:42"
"200489","400489","601196","200458","5","mt bom","2026-03-04 23:54:29"
"200061","400061","600954","200588","5","Perfeito, amei!","2026-03-05 01:11:20"
"200359","400359","600463","200822","5","Perfeito, amei!","2026-03-05 04:04:37"
"200112","400112","600164","200388","5","Recomendo sem hesitar. Trabalho nota 10!","2026-03-05 05:35:23"
"200466","400466","600978","200707","5","Melhor profissional que já contratei nessa área.","2026-03-05 14:33:06"
"200731","400731","601145","200013","5","Cumpriu tudo o que prometeu. Excelente!","2026-03-06 05:18:53"
"200435","400435","600312","200933","5","Ótimo serviço! Ficou melhor do que esperava.","2026-03-06 05:31:51"
"200877","400877","601168","200104","4","Top demais!","2026-03-06 10:48:25"
"200190","400190","600613","200970","5","Muito bom trabalho. Faria negócio de novo.","2026-03-06 12:46:38"
"200212","400212","601252","200459","1","Decepcionante, não voltaria a contratar.","2026-03-06 16:04:17"
"200964","400964","600948","200771","3","Serviço ok, dentro do esperado.","2026-03-06 16:19:50"
"200234","400234","600924","200653","1","Profissional pouco atencioso e descuidado.","2026-03-06 21:12:46"
"200391","400391","600669","200261","3","Ok.","2026-03-07 00:25:57"
"200758","400758","601385","200068","3","Serviço ok, dentro do esperado.","2026-03-07 03:39:08"
"200016","400016","600998","200674","4","Profissional sério e comprometido. Recomendo a todos.","2026-03-07 10:08:35"
"200527","400527","600571","200231","5","Adorei o resultado final! Muito profissional.","2026-03-07 11:13:59"
"200064","400064","601027","200589","5","Fez um serviço excelente com um ótimo preço.","2026-03-07 11:21:53"
"200286","400286","600506","200056","5","Profissional sério e comprometido. Recomendo a todos.","2026-03-07 12:45:40"
"200331","400331","600508","200088","2","Serviço mal feito, precisou refazer partes.","2026-03-07 14:34:42"
"200511","400511","600155","200239","5","Serviço de ótima qualidade, voltarei a contratar.","2026-03-07 15:16:14"
"200406","400406","601121","200162","5","Atencioso e caprichoso no trabalho. Voltarei a usar.","2026-03-07 16:14:54"
"200852","400852","601151","200852","5","Serviço impecável. Pontual e prestativo.","2026-03-07 18:06:11"
"200272","400272","601157","200043","5","Muito bom trabalho. Faria negócio de novo.","2026-03-07 20:05:38"
"200519","400519","600891","200295","4","Recomendo sem hesitar. Trabalho nota 10!","2026-03-07 22:57:57"
"200042","400042","601488","200378","4","Preço justo e serviço de alta qualidade.","2026-03-08 00:53:29"
"200638","400638","600838","200144","2","Péssimo atendimento.","2026-03-08 01:54:04"
"200525","400525","600284","200547","4","Cumpriu tudo o que prometeu. Excelente!","2026-03-08 03:39:29"
"200952","400952","601278","200650","5","","2026-03-08 05:41:05"
"200607","400607","600609","200827","4","Muito bom trabalho. Faria negócio de novo.","2026-03-08 07:27:57"
"200973","400973","600992","200292","3","Dentro do esperado.","2026-03-08 09:09:07"
"200738","400738","601221","200395","5","Preço justo e serviço de alta qualidade.","2026-03-08 11:36:22"
"200755","400755","600126","200215","5","Adorei o resultado final! Muito profissional.","2026-03-08 17:50:26"
"200247","400247","601381","200613","4","Recomendo sem hesitar. Trabalho nota 10!","2026-03-08 18:38:07"
"200928","400928","600147","200348","5","Profissional sério e comprometido. Recomendo a todos.","2026-03-08 19:00:27"
"200985","400985","600663","200349","5","Perfeito, amei!","2026-03-09 03:30:57"
"200364","400364","600247","200582","5","Muito bom trabalho. Faria negócio de novo.","2026-03-09 03:41:20"
"200869","400869","601361","200599","4","Cumpriu tudo o que prometeu. Excelente!","2026-03-09 04:03:04"
"200919","400919","601087","200854","4","Trabalho impecável, superou minhas expectativas.","2026-03-09 09:39:06"
"200497","400497","600769","200076","2","Serviço mal feito, precisou refazer partes.","2026-03-09 10:21:12"
"200935","400935","601134","200111","1","Não tive o serviço esperado.","2026-03-09 11:36:04"
"200178","400178","600961","200439","5","Excelente profissional, super recomendo!","2026-03-09 14:40:41"
"200680","400680","600456","200655","2","Preço não condizente com a qualidade entregue.","2026-03-09 16:57:14"
"200846","400846","600974","200275","5","Excelente profissional, super recomendo!","2026-03-09 20:07:51"
"200168","400168","601370","200006","5","Fez um serviço excelente com um ótimo preço.","2026-03-09 23:58:00"
"200411","400411","601098","200069","1","Demorou mais do que o combinado.","2026-03-10 02:17:40"
"200236","400236","600620","200120","5","Cumpriu tudo o que prometeu. Excelente!","2026-03-10 02:46:42"
"200996","400996","600584","200258","5","Incrível, superou tudo.","2026-03-10 07:40:01"
"200710","400710","600947","200210","5","Adorei o resultado final! Muito profissional.","2026-03-10 16:37:44"
"200535","400535","601116","200963","1","Preço não condizente com a qualidade entregue.","2026-03-10 17:17:40"
"200767","400767","601183","200550","3","Serviço mediano, mas resolveu o problema.","2026-03-10 19:49:52"
"200395","400395","601257","200357","5","Serviço impecável. Pontual e prestativo.","2026-03-11 01:15:39"
"200071","400071","600519","200292","3","Serviço mediano, mas resolveu o problema.","2026-03-11 10:39:23"
"200114","400114","601301","200695","2","Não cumpriu o prazo acordado.","2026-03-11 13:38:45"
"200984","400984","600587","200219","5","Resolveu tudo rapidinho e com muita qualidade.","2026-03-11 15:20:34"
"200626","400626","600106","200940","5","Cumpriu tudo o que prometeu. Excelente!","2026-03-11 16:07:52"
"200100","400100","600945","200713","2","Muito abaixo do esperado.","2026-03-11 16:44:55"
"200981","400981","600804","200740","3","Serviço ok, dentro do esperado.","2026-03-11 18:02:42"
"200119","400119","600208","200277","3","Serviço ok, dentro do esperado.","2026-03-12 02:53:44"
"200400","400400","600732","200148","5","mt bom","2026-03-12 03:30:55"
"200053","400053","600251","200708","1","Não valeu o preço.","2026-03-12 06:18:05"
"200998","400998","601235","200747","5","Profissional sério e comprometido. Recomendo a todos.","2026-03-12 07:22:43"
"200092","400092","600036","200456","5","Resolveu tudo rapidinho e com muita qualidade.","2026-03-12 10:44:15"
"200373","400373","600190","200940","5","Muito pontual e educado. Ficou perfeito!","2026-03-12 11:51:00"
"200500","400500","600452","200437","5","Incrível, superou tudo.","2026-03-12 13:15:14"
"200467","400467","601407","200392","5","Profissional sério e comprometido. Recomendo a todos.","2026-03-12 14:08:38"
"200972","400972","601356","200645","5","Muito bom trabalho. Faria negócio de novo.","2026-03-12 14:42:06"
"200344","400344","600906","200232","1","Muito abaixo do esperado.","2026-03-12 17:39:38"
"200173","400173","600030","200115","1","Deixou o ambiente sujo após o trabalho.","2026-03-12 21:39:51"
"200117","400117","601281","200689","3","Razoável, nada além do básico.","2026-03-12 23:26:49"
"200472","400472","601294","200775","4","Muito bom mesmo!","2026-03-13 02:02:46"
"200186","400186","600402","200264","2","Não recomendo, fui mal atendido.","2026-03-13 11:53:02"
"200206","400206","600170","200598","4","Muito pontual e educado. Ficou perfeito!","2026-03-13 12:10:12"
"200856","400856","600039","200291","5","Fez um serviço excelente com um ótimo preço.","2026-03-13 15:36:49"
"200067","400067","600964","200555","3","","2026-03-13 19:18:14"
"200108","400108","600862","201000","5","Ótimo serviço! Ficou melhor do que esperava.","2026-03-13 23:10:19"
"200426","400426","601072","200290","4","Incrível, superou tudo.","2026-03-14 03:43:14"
"200789","400789","600649","200094","1","Não tive o serviço esperado.","2026-03-14 04:20:42"
"200422","400422","600170","200478","5","Melhor profissional que já contratei nessa área.","2026-03-14 06:40:00"
"200444","400444","600702","200681","5","Fez um serviço excelente com um ótimo preço.","2026-03-14 10:49:46"
"200946","400946","600646","200084","5","Serviço impecável. Pontual e prestativo.","2026-03-14 15:08:21"
"200830","400830","600231","200784","2","Serviço de qualidade ruim.","2026-03-14 17:52:44"
"200605","400605","600316","200966","5","Ótimo serviço! Ficou melhor do que esperava.","2026-03-14 18:47:06"
"200781","400781","600872","200173","4","Melhor profissional que já contratei nessa área.","2026-03-14 19:24:40"
"200056","400056","600784","200826","2","Péssimo atendimento.","2026-03-14 21:11:17"
"200438","400438","600599","200867","4","Incrível, superou tudo.","2026-03-14 21:21:33"
"200606","400606","601217","200894","1","Resultado final deixou a desejar.","2026-03-15 11:25:59"
"200718","400718","600379","200707","5","Trabalho impecável, superou minhas expectativas.","2026-03-15 12:33:27"
"200436","400436","601057","200953","3","Bueno.","2026-03-15 13:53:53"
"200002","400002","600221","200859","5","Serviço de ótima qualidade, voltarei a contratar.","2026-03-15 14:50:50"
"200662","400662","600908","200841","5","Muito bom trabalho. Faria negócio de novo.","2026-03-15 19:27:05"
"200288","400288","601101","200999","4","Incrível, superou tudo.","2026-03-15 20:11:44"
"200611","400611","600102","200856","5","Perfeito, amei!","2026-03-15 23:54:49"
"200363","400363","600979","200465","4","","2026-03-16 01:59:47"
"200421","400421","601312","200064","5","","2026-03-16 03:07:31"
"200703","400703","600166","200516","2","Decepcionante, não voltaria a contratar.","2026-03-16 08:06:00"
"200839","400839","600779","200874","5","Atencioso e caprichoso no trabalho. Voltarei a usar.","2026-03-16 18:09:27"
"200994","400994","600518","200198","5","Adorei o resultado final! Muito profissional.","2026-03-16 22:38:19"
"200036","400036","600245","200645","3","Bueno.","2026-03-17 00:02:15"
"200999","400999","601075","200463","5","Atencioso e caprichoso no trabalho. Voltarei a usar.","2026-03-17 03:42:09"
"200656","400656","601189","200342","4","","2026-03-17 04:53:46"
"200884","400884","600203","200568","4","Melhor profissional que já contratei nessa área.","2026-03-17 07:25:38"
"200125","400125","601269","200104","5","Adorei o resultado final! Muito profissional.","2026-03-17 09:24:37"
"200669","400669","600050","200421","5","Melhor profissional que já contratei nessa área.","2026-03-17 10:08:36"
"200414","400414","600135","200645","3","","2026-03-17 14:19:19"
"200129","400129","601098","200274","5","Incrível, superou tudo.","2026-03-17 18:08:57"
"200311","400311","600113","200857","2","","2026-03-17 21:01:38"
"200859","400859","601053","200351","5","Cumpriu tudo o que prometeu. Excelente!","2026-03-17 22:33:21"
"200264","400264","600597","200654","5","Profissional sério e comprometido. Recomendo a todos.","2026-03-18 04:10:03"
"200200","400200","601474","200936","4","mt bom","2026-03-18 10:33:25"
"200244","400244","600751","200856","5","Incrível, superou tudo.","2026-03-18 19:09:39"
"200514","400514","600221","200221","5","Profissional sério e comprometido. Recomendo a todos.","2026-03-18 20:00:28"
"200170","400170","600875","200765","5","Cumpriu tudo o que prometeu. Excelente!","2026-03-18 22:56:06"
"200308","400308","601417","200533","5","Trabalho feito com muito cuidado e dedicação.","2026-03-18 23:27:35"
"200551","400551","600177","200657","3","Foi satisfatório.","2026-03-19 08:14:03"
"200048","400048","600278","200805","5","Cumpriu tudo o que prometeu. Excelente!","2026-03-19 08:28:26"
"200668","400668","601238","200015","5","Trabalho impecável, superou minhas expectativas.","2026-03-19 11:44:17"
"200113","400113","600911","200881","2","Não cumpriu o prazo acordado.","2026-03-19 11:48:33"
"200165","400165","600302","200827","5","Muito bom mesmo!","2026-03-19 13:23:30"
"200989","400989","601213","200046","1","Muito abaixo do esperado.","2026-03-19 21:26:29"
"200616","400616","601015","200218","2","Serviço de qualidade ruim.","2026-03-19 22:26:47"
"200293","400293","600038","200510","1","Muito abaixo do esperado.","2026-03-19 22:45:13"
"200495","400495","600616","200148","5","Preço justo e serviço de alta qualidade.","2026-03-20 00:09:26"
"200623","400623","600652","200774","5","","2026-03-20 04:04:24"
"200898","400898","601305","200585","5","Recomendo sem hesitar. Trabalho nota 10!","2026-03-20 12:01:00"
"200226","400226","601022","200737","5","Muito bom mesmo!","2026-03-20 16:11:34"
"200823","400823","601227","200902","5","Fez um serviço excelente com um ótimo preço.","2026-03-21 06:06:58"
"200906","400906","600923","200181","5","Serviço impecável. Pontual e prestativo.","2026-03-21 06:29:47"
"200700","400700","600379","200987","5","Muito bom trabalho. Faria negócio de novo.","2026-03-21 07:41:10"
"200361","400361","600417","200305","5","Muito bom mesmo!","2026-03-21 08:19:07"
"200674","400674","600457","200541","4","Serviço impecável. Pontual e prestativo.","2026-03-21 12:08:40"
"200583","400583","601188","200160","3","Cumpriu o combinado.","2026-03-21 15:37:17"
"200685","400685","601334","200195","4","","2026-03-21 23:53:25"
"200449","400449","600350","200632","4","Muito satisfeito com o resultado. Recomendo.","2026-03-22 06:37:52"
"200949","400949","600536","200269","5","Atencioso e caprichoso no trabalho. Voltarei a usar.","2026-03-22 08:28:39"
"200424","400424","601136","200352","5","Ótimo atendimento, serviço entregue no prazo.","2026-03-22 16:07:01"
"200161","400161","600687","200323","5","mt bom","2026-03-22 19:54:18"
"200171","400171","600653","200049","5","","2026-03-22 20:44:36"
"200462","400462","601356","200578","5","","2026-03-22 21:13:28"
"200929","400929","601101","200994","5","Serviço de ótima qualidade, voltarei a contratar.","2026-03-22 22:15:54"
"200205","400205","600596","200180","5","Atencioso e caprichoso no trabalho. Voltarei a usar.","2026-03-23 00:29:40"
"200722","400722","600783","200473","2","Demorou mais do que o combinado.","2026-03-23 04:01:03"
"200095","400095","601370","200211","5","Ótimo atendimento, serviço entregue no prazo.","2026-03-23 07:42:05"
"200471","400471","601051","200995","5","Ótimo atendimento, serviço entregue no prazo.","2026-03-23 16:44:38"
"200447","400447","600102","200206","5","Fez um serviço excelente com um ótimo preço.","2026-03-23 18:16:42"
"200775","400775","600321","200248","5","Muito satisfeito com o resultado. Recomendo.","2026-03-23 19:36:03"
"200187","400187","600359","200195","2","Demorou mais do que o combinado.","2026-03-23 23:49:58"
"200860","400860","600927","200881","4","Muito bom trabalho. Faria negócio de novo.","2026-03-24 00:36:51"
"200299","400299","601190","200687","5","Trabalho impecável, superou minhas expectativas.","2026-03-24 02:30:43"
"200620","400620","600827","200934","3","Dentro do esperado.","2026-03-24 03:05:52"
"200705","400705","601449","200731","5","Preço justo e serviço de alta qualidade.","2026-03-24 09:03:47"
"200838","400838","600896","200912","5","","2026-03-24 13:09:54"
"200334","400334","600111","200909","5","Ótimo serviço! Ficou melhor do que esperava.","2026-03-24 14:07:59"
"200864","400864","600760","200979","5","Profissional dedicado e competente. Nota 10!","2026-03-24 20:03:32"
"200772","400772","600170","200337","4","Cumpriu tudo o que prometeu. Excelente!","2026-03-24 21:34:02"
"200134","400134","601364","200149","4","Muito satisfeito com o resultado. Recomendo.","2026-03-24 21:51:06"
"200430","400430","600700","200589","5","Perfeito, amei!","2026-03-24 22:20:38"
"200855","400855","600166","200073","4","Recomendo sem hesitar. Trabalho nota 10!","2026-03-24 22:55:19"
"200555","400555","600285","200381","5","","2026-03-25 05:13:35"
"200894","400894","600874","200940","4","Fez um serviço excelente com um ótimo preço.","2026-03-26 01:55:43"
"200012","400012","600816","200915","5","Trabalho feito com muito cuidado e dedicação.","2026-03-26 08:23:19"
"200083","400083","600086","200947","5","Top demais!","2026-03-26 14:20:26"
"200199","400199","601283","200458","5","Fez um serviço excelente com um ótimo preço.","2026-03-26 17:34:27"
"200188","400188","601322","200671","5","Top demais!","2026-03-26 19:29:58"
"200751","400751","600007","200776","1","Decepcionante, não voltaria a contratar.","2026-03-26 23:54:05"
"200270","400270","600477","200981","4","Recomendo sem hesitar. Trabalho nota 10!","2026-03-27 01:20:20"
"200255","400255","600666","200813","3","Razoável, nada além do básico.","2026-03-27 01:58:15"
"200865","400865","601367","200101","5","Trabalho impecável, superou minhas expectativas.","2026-03-27 02:33:01"
"200801","400801","600618","200450","4","Recomendo sem hesitar. Trabalho nota 10!","2026-03-27 04:18:18"
"200412","400412","600317","200695","5","Perfeito, amei!","2026-03-27 06:22:41"
"200766","400766","601360","200068","2","","2026-03-27 06:43:19"
"200062","400062","600497","200663","5","","2026-03-27 06:55:16"
"200809","400809","600490","200244","5","Profissional sério e comprometido. Recomendo a todos.","2026-03-27 16:22:48"
"200645","400645","600659","200114","5","Muito satisfeito com o resultado. Recomendo.","2026-03-27 18:19:13"
"200544","400544","600873","200465","4","Profissional dedicado e competente. Nota 10!","2026-03-27 20:58:35"
"200644","400644","600442","200968","4","Trabalho impecável, superou minhas expectativas.","2026-03-27 21:55:47"
"200986","400986","600940","200151","4","Fez um serviço excelente com um ótimo preço.","2026-03-28 01:01:03"
"200765","400765","600032","200949","5","Atencioso e caprichoso no trabalho. Voltarei a usar.","2026-03-28 01:16:22"
"200469","400469","600064","200420","5","Ótimo atendimento, serviço entregue no prazo.","2026-03-28 05:07:11"
"200563","400563","601136","200231","2","Profissional pouco atencioso e descuidado.","2026-03-28 06:56:26"
"200835","400835","600867","200834","4","Trabalho impecável, superou minhas expectativas.","2026-03-28 10:03:32"
"200858","400858","600380","200384","5","Cumpriu tudo o que prometeu. Excelente!","2026-03-28 13:30:36"
"200706","400706","600590","200061","5","","2026-03-28 13:50:12"
"200811","400811","600941","200823","1","Deixou o ambiente sujo após o trabalho.","2026-03-28 17:36:00"
"200316","400316","600532","200065","5","","2026-03-28 18:37:49"
"200431","400431","601483","200039","5","Ótimo atendimento, serviço entregue no prazo.","2026-03-29 00:51:40"
"200006","400006","601224","200387","2","Preço não condizente com a qualidade entregue.","2026-03-29 01:19:50"
"200577","400577","600544","200993","3","Razoável, nada além do básico.","2026-03-29 01:57:16"
"200077","400077","600139","200651","5","Serviço impecável. Pontual e prestativo.","2026-03-29 02:25:18"
"200913","400913","600143","200231","5","Incrível, superou tudo.","2026-03-29 04:37:43"
"200239","400239","601319","200731","4","","2026-03-29 10:07:47"
"200425","400425","600833","200757","5","Top demais!","2026-03-29 12:06:14"
"200945","400945","600119","200637","4","Muito bom trabalho. Faria negócio de novo.","2026-03-29 20:45:57"
"200241","400241","601329","200692","4","Top demais!","2026-03-29 23:40:35"
"200993","400993","600724","200562","5","Ótimo atendimento, serviço entregue no prazo.","2026-03-30 07:40:45"
"200916","400916","600393","200399","4","Atencioso e caprichoso no trabalho. Voltarei a usar.","2026-03-30 09:56:57"
"200063","400063","601153","200586","4","Perfeito, amei!","2026-03-30 10:43:10"
"200017","400017","601136","200401","5","Top demais!","2026-03-30 16:41:19"
"200336","400336","600603","200473","5","Muito satisfeito com o resultado. Recomendo.","2026-03-30 17:47:57"
"200733","400733","600028","200036","4","Ótimo serviço! Ficou melhor do que esperava.","2026-03-31 06:58:40"
"200357","400357","601250","200509","5","Melhor profissional que já contratei nessa área.","2026-03-31 07:17:52"
"200520","400520","601200","200211","5","Ótimo atendimento, serviço entregue no prazo.","2026-03-31 09:03:53"
"200498","400498","600826","200073","5","Muito bom trabalho. Faria negócio de novo.","2026-03-31 10:21:06"
"200787","400787","601396","200373","5","Melhor profissional que já contratei nessa área.","2026-03-31 10:46:52"
"200329","400329","600984","200908","5","Muito bom mesmo!","2026-03-31 12:45:50"
"200780","400780","601438","200789","5","Profissional dedicado e competente. Nota 10!","2026-03-31 22:00:22"
"200318","400318","600842","200682","5","Muito bom mesmo!","2026-03-31 22:21:40"
"200896","400896","600525","200407","5","","2026-03-31 23:36:48"
"200794","400794","601269","200312","5","Perfeito, amei!","2026-04-01 00:13:11"
"200172","400172","601428","200091","5","Adorei o resultado final! Muito profissional.","2026-04-01 01:39:46"
"200845","400845","601034","200571","5","Trabalho impecável, superou minhas expectativas.","2026-04-01 03:29:37"
"200843","400843","600886","200371","5","Atencioso e caprichoso no trabalho. Voltarei a usar.","2026-04-01 06:44:51"
"200696","400696","600688","200982","5","Top demais!","2026-04-01 07:41:52"
"200654","400654","601245","200215","4","Serviço de ótima qualidade, voltarei a contratar.","2026-04-01 08:50:14"
"200152","400152","601129","200491","1","Serviço mal feito, precisou refazer partes.","2026-04-01 08:54:59"
"200445","400445","600730","200593","4","Recomendo sem hesitar. Trabalho nota 10!","2026-04-01 11:11:05"
"200371","400371","601177","200875","4","Resolveu tudo rapidinho e com muita qualidade.","2026-04-01 18:59:15"
"200235","400235","600261","200452","5","Top demais!","2026-04-01 19:57:44"
"200690","400690","600259","200593","1","Serviço mal feito, precisou refazer partes.","2026-04-01 23:33:44"
"200427","400427","601044","200496","5","Preço justo e serviço de alta qualidade.","2026-04-02 03:07:11"
"200925","400925","600467","200508","5","","2026-04-02 05:32:14"
"200267","400267","601283","200886","4","","2026-04-02 08:28:40"
"200195","400195","601095","200773","5","Recomendo sem hesitar. Trabalho nota 10!","2026-04-02 10:35:28"
"200496","400496","600162","200502","2","Resultado final deixou a desejar.","2026-04-02 11:54:29"
"200549","400549","600658","200544","5","Serviço de ótima qualidade, voltarei a contratar.","2026-04-02 19:49:11"
"200567","400567","600950","200097","5","Muito satisfeito com o resultado. Recomendo.","2026-04-02 23:35:38"
"200661","400661","600033","200959","5","","2026-04-03 00:40:18"
"200888","400888","600890","200035","5","Melhor profissional que já contratei nessa área.","2026-04-03 02:26:01"
"200741","400741","600743","200993","5","Trabalho feito com muito cuidado e dedicação.","2026-04-03 05:04:46"
"200486","400486","601340","200138","5","Fez um serviço excelente com um ótimo preço.","2026-04-03 05:33:30"
"200460","400460","601017","200190","5","Muito pontual e educado. Ficou perfeito!","2026-04-03 07:29:13"
"200089","400089","601018","200890","1","Serviço de qualidade ruim.","2026-04-03 08:40:09"
"200196","400196","600319","200213","4","Perfeito, amei!","2026-04-03 09:41:51"
"200198","400198","600404","200475","5","Profissional sério e comprometido. Recomendo a todos.","2026-04-03 10:27:44"
"200008","400008","600044","200299","5","Preço justo e serviço de alta qualidade.","2026-04-03 14:37:26"
"200615","400615","600605","200450","1","Não valeu o preço.","2026-04-03 17:07:50"
"200407","400407","600075","200551","5","Atencioso e caprichoso no trabalho. Voltarei a usar.","2026-04-03 20:28:56"
"200939","400939","601396","200242","1","Não tive o serviço esperado.","2026-04-03 21:05:12"
"200298","400298","600283","200709","3","Dentro do esperado.","2026-04-03 23:15:25"
"200501","400501","600893","200490","2","Faltou profissionalismo.","2026-04-04 07:34:46"
"200162","400162","601329","200994","4","Muito bom mesmo!","2026-04-04 09:06:08"
"200275","400275","600636","200208","5","Resolveu tudo rapidinho e com muita qualidade.","2026-04-04 11:20:21"
"200987","400987","601355","200503","4","Perfeito, amei!","2026-04-04 14:19:48"
"200539","400539","600292","200261","3","Serviço mediano, mas resolveu o problema.","2026-04-04 18:33:01"
"200723","400723","600593","200615","5","Fez um serviço excelente com um ótimo preço.","2026-04-05 08:16:30"
"200351","400351","601049","200368","3","Serviço mediano, mas resolveu o problema.","2026-04-05 12:27:19"
"200504","400504","600940","200544","5","Resolveu tudo rapidinho e com muita qualidade.","2026-04-05 18:20:27"
"200983","400983","600497","200641","2","Muito abaixo do esperado.","2026-04-06 01:10:03"
"200570","400570","600094","200654","3","Razoável, nada além do básico.","2026-04-06 06:34:14"
"200732","400732","600123","200194","5","Muito satisfeito com o resultado. Recomendo.","2026-04-06 09:52:48"
"200806","400806","600798","200478","5","Perfeito, amei!","2026-04-06 10:41:19"
"200793","400793","600057","200439","5","Top demais!","2026-04-06 13:10:21"
"200394","400394","600461","200894","5","Muito bom mesmo!","2026-04-06 18:03:18"
"200399","400399","600562","200294","3","Cumpriu o combinado.","2026-04-06 21:24:41"
"200499","400499","600996","200905","5","Top demais!","2026-04-06 22:36:17"
"200867","400867","600890","200037","5","Recomendo sem hesitar. Trabalho nota 10!","2026-04-06 23:33:29"
"200788","400788","601088","200821","5","Muito bom mesmo!","2026-04-07 04:52:37"
"200263","400263","601102","200517","5","mt bom","2026-04-07 10:04:26"
"200526","400526","601211","200234","5","Fez um serviço excelente com um ótimo preço.","2026-04-07 10:41:35"
"200160","400160","600475","200901","5","Trabalho feito com muito cuidado e dedicação.","2026-04-07 14:39:34"
"200602","400602","600099","200031","2","Deixou o ambiente sujo após o trabalho.","2026-04-07 16:07:29"
"200321","400321","600634","200547","5","Profissional sério e comprometido. Recomendo a todos.","2026-04-07 16:56:44"
"200728","400728","601187","200466","1","Profissional pouco atencioso e descuidado.","2026-04-07 18:15:01"
"200878","400878","600680","200891","5","Muito bom mesmo!","2026-04-07 18:38:59"
"200182","400182","601229","200498","5","Muito bom trabalho. Faria negócio de novo.","2026-04-08 00:06:18"
"200934","400934","601178","200825","5","Profissional sério e comprometido. Recomendo a todos.","2026-04-08 01:11:01"
"200167","400167","601340","200188","5","Cumpriu tudo o que prometeu. Excelente!","2026-04-08 02:47:25"
"200632","400632","601459","200243","5","Melhor profissional que já contratei nessa área.","2026-04-08 05:08:02"
"200050","400050","600996","200349","4","Atencioso e caprichoso no trabalho. Voltarei a usar.","2026-04-08 08:01:46"
"200599","400599","600108","200459","5","Ótimo atendimento, serviço entregue no prazo.","2026-04-08 14:55:24"
"200982","400982","600148","200674","5","Profissional dedicado e competente. Nota 10!","2026-04-08 17:07:00"
"200068","400068","600453","200613","5","Adorei o resultado final! Muito profissional.","2026-04-08 21:21:07"
"200619","400619","600860","200126","5","Fez um serviço excelente com um ótimo preço.","2026-04-08 22:01:30"
"200222","400222","600614","200762","5","Adorei o resultado final! Muito profissional.","2026-04-09 05:03:29"
"200962","400962","601381","200702","5","Ótimo atendimento, serviço entregue no prazo.","2026-04-09 05:40:15"
"200646","400646","601316","200714","3","","2026-04-09 06:52:18"
"200778","400778","600917","200807","5","Resolveu tudo rapidinho e com muita qualidade.","2026-04-09 06:57:54"
"200750","400750","601391","200577","5","Preço justo e serviço de alta qualidade.","2026-04-09 07:42:43"
"200093","400093","600437","200400","5","Trabalho impecável, superou minhas expectativas.","2026-04-09 17:52:30"
"200166","400166","600367","200790","5","Atencioso e caprichoso no trabalho. Voltarei a usar.","2026-04-09 18:23:36"
"200893","400893","601420","200980","2","Resultado final deixou a desejar.","2026-04-09 18:45:55"
"200203","400203","600478","200793","1","Péssimo atendimento.","2026-04-09 21:11:58"
"200014","400014","600996","200534","5","Ótimo serviço! Ficou melhor do que esperava.","2026-04-10 01:04:51"
"200026","400026","600861","200001","2","Demorou mais do que o combinado.","2026-04-10 02:15:53"
"200262","400262","600041","200706","5","Muito pontual e educado. Ficou perfeito!","2026-04-10 03:05:54"
"200634","400634","601249","200423","5","Fez um serviço excelente com um ótimo preço.","2026-04-10 13:23:39"
"200231","400231","601353","200729","5","Serviço impecável. Pontual e prestativo.","2026-04-10 14:27:27"
"200652","400652","600604","200006","5","Ótimo atendimento, serviço entregue no prazo.","2026-04-10 18:09:35"
"200040","400040","600325","200535","4","Trabalho feito com muito cuidado e dedicação.","2026-04-10 22:45:54"
"200163","400163","600362","200241","2","Muito abaixo do esperado.","2026-04-11 03:40:34"
"200035","400035","600798","200378","3","Atendeu às expectativas.","2026-04-11 09:52:36"
"200641","400641","601013","200602","5","Excelente profissional, super recomendo!","2026-04-11 11:59:34"
"200259","400259","600951","200787","5","Trabalho impecável, superou minhas expectativas.","2026-04-11 12:10:06"
"200381","400381","601109","200223","1","Não valeu o preço.","2026-04-11 16:02:49"
"200612","400612","601074","200377","2","Serviço de qualidade ruim.","2026-04-11 20:29:58"
"200716","400716","601399","200594","5","Incrível, superou tudo.","2026-04-11 20:53:35"
"200386","400386","601023","200054","5","Resolveu tudo rapidinho e com muita qualidade.","2026-04-11 21:15:47"
"200821","400821","600168","200747","5","Fez um serviço excelente com um ótimo preço.","2026-04-11 23:23:47"
"200594","400594","601473","200485","3","Ok.","2026-04-11 23:31:02"
"200076","400076","601117","200571","4","Muito satisfeito com o resultado. Recomendo.","2026-04-12 02:40:06"
"200377","400377","601170","200167","4","Ótimo atendimento, serviço entregue no prazo.","2026-04-12 03:13:04"
"200910","400910","600883","200319","2","Decepcionante, não voltaria a contratar.","2026-04-12 15:17:40"
"200627","400627","600841","200883","4","Muito bom trabalho. Faria negócio de novo.","2026-04-12 19:18:05"
"200694","400694","600309","200558","1","Serviço mal feito, precisou refazer partes.","2026-04-13 00:48:52"
"200159","400159","601460","200102","5","Cumpriu tudo o que prometeu. Excelente!","2026-04-13 01:51:31"
"200350","400350","600497","200477","5","Muito bom mesmo!","2026-04-13 06:24:27"
"200796","400796","601245","200822","5","Ótimo atendimento, serviço entregue no prazo.","2026-04-13 11:13:50"
"200764","400764","600027","200170","5","Top demais!","2026-04-13 20:40:51"
"200851","400851","600683","200336","5","Incrível, superou tudo.","2026-04-13 23:09:22"
"200366","400366","601076","200798","5","","2026-04-14 02:15:42"
"200073","400073","600338","200203","1","Decepcionante, não voltaria a contratar.","2026-04-14 03:43:06"
"200850","400850","600754","200439","5","Preço justo e serviço de alta qualidade.","2026-04-14 10:31:02"
"200301","400301","600149","200147","5","Preço justo e serviço de alta qualidade.","2026-04-14 13:47:04"
"200808","400808","600110","200302","5","","2026-04-14 14:54:06"
"200473","400473","601449","200630","5","Cumpriu tudo o que prometeu. Excelente!","2026-04-14 15:01:20"
"200047","400047","600172","200350","5","Profissional dedicado e competente. Nota 10!","2026-04-14 17:28:30"
"200138","400138","601472","200837","5","Perfeito, amei!","2026-04-14 20:20:33"
"200354","400354","600703","200762","5","Excelente profissional, super recomendo!","2026-04-15 01:14:29"
"200481","400481","600537","200632","5","Ótimo atendimento, serviço entregue no prazo.","2026-04-15 05:36:52"
"200797","400797","600292","200920","5","Trabalho feito com muito cuidado e dedicação.","2026-04-15 07:30:30"
"200033","400033","601286","200059","5","Muito bom trabalho. Faria negócio de novo.","2026-04-15 09:06:03"
"200761","400761","600600","200108","5","Atencioso e caprichoso no trabalho. Voltarei a usar.","2026-04-15 10:48:52"
"200153","400153","600765","200664","5","","2026-04-15 13:36:56"
"200416","400416","600607","200616","1","Não valeu o preço.","2026-04-15 17:10:31"
"200881","400881","600186","200840","5","Excelente profissional, super recomendo!","2026-04-15 17:22:16"
"200379","400379","600582","200399","1","Demorou mais do que o combinado.","2026-04-15 22:34:05"
"200724","400724","600400","200483","5","Excelente profissional, super recomendo!","2026-04-16 02:14:32"
"200763","400763","600209","200042","5","Muito satisfeito com o resultado. Recomendo.","2026-04-16 05:55:08"
"200633","400633","601220","200759","4","Trabalho impecável, superou minhas expectativas.","2026-04-16 09:23:34"
"200257","400257","600855","200285","5","Adorei o resultado final! Muito profissional.","2026-04-16 12:42:35"
"200589","400589","600184","200454","3","Cumpriu o combinado.","2026-04-16 15:54:13"
"200179","400179","601330","200952","3","Atendeu às expectativas.","2026-04-16 17:03:12"
"200651","400651","600455","200930","4","Resolveu tudo rapidinho e com muita qualidade.","2026-04-16 18:41:35"
"200475","400475","600603","200906","5","Profissional sério e comprometido. Recomendo a todos.","2026-04-16 20:26:41"
"200041","400041","601140","200141","4","Trabalho impecável, superou minhas expectativas.","2026-04-16 22:01:02"
"200382","400382","600092","200131","4","Profissional sério e comprometido. Recomendo a todos.","2026-04-17 03:05:38"
"200609","400609","600615","200320","4","mt bom","2026-04-17 06:29:22"
"200348","400348","600365","200986","5","","2026-04-17 09:14:04"
"200174","400174","600657","200797","4","Perfeito, amei!","2026-04-17 11:00:36"
"200388","400388","600749","200711","4","Profissional sério e comprometido. Recomendo a todos.","2026-04-17 18:58:25"
"200844","400844","601423","200432","5","Muito satisfeito com o resultado. Recomendo.","2026-04-17 19:56:05"
"200429","400429","600487","200208","5","Muito satisfeito com o resultado. Recomendo.","2026-04-18 04:43:19"
"200297","400297","600144","200520","4","Profissional sério e comprometido. Recomendo a todos.","2026-04-18 07:34:24"
"200115","400115","600876","200797","5","mt bom","2026-04-18 08:21:15"
"200802","400802","600145","200365","5","Muito satisfeito com o resultado. Recomendo.","2026-04-18 10:26:22"
"200121","400121","600842","200095","5","Trabalho feito com muito cuidado e dedicação.","2026-04-18 12:30:23"
"200559","400559","601059","200630","5","Top demais!","2026-04-18 12:34:55"
"200748","400748","600691","200466","5","Trabalho impecável, superou minhas expectativas.","2026-04-18 16:31:08"
"200604","400604","600789","200055","5","Muito satisfeito com o resultado. Recomendo.","2026-04-18 19:11:05"
"200450","400450","600921","200541","4","","2026-04-18 22:38:00"
"200975","400975","601443","200293","5","Fez um serviço excelente com um ótimo preço.","2026-04-19 09:39:24"
"200708","400708","600528","200263","5","Incrível, superou tudo.","2026-04-19 09:49:02"
"200057","400057","601025","200272","5","Ótimo atendimento, serviço entregue no prazo.","2026-04-19 13:16:14"
"200953","400953","600321","200710","2","Serviço de qualidade ruim.","2026-04-19 14:34:17"
"200569","400569","601076","200342","5","Ótimo atendimento, serviço entregue no prazo.","2026-04-19 16:39:17"
"200629","400629","601274","200172","3","Dentro do esperado.","2026-04-19 18:52:38"
"200769","400769","600201","200628","5","Incrível, superou tudo.","2026-04-19 21:35:40"
"200029","400029","600661","200269","5","Serviço de ótima qualidade, voltarei a contratar.","2026-04-20 01:11:26"
"200464","400464","601311","200902","5","Fez um serviço excelente com um ótimo preço.","2026-04-20 07:11:00"
"200682","400682","601013","200846","5","Serviço impecável. Pontual e prestativo.","2026-04-20 18:18:35"
"200333","400333","600162","200253","5","","2026-04-21 01:57:43"
"200667","400667","600092","200074","1","Resultado final deixou a desejar.","2026-04-21 05:18:34"
"200130","400130","600626","200067","5","Trabalho impecável, superou minhas expectativas.","2026-04-21 11:32:00"
"200777","400777","600958","200560","3","Tudo realizado de acordo.","2026-04-21 12:00:19"
"200814","400814","600784","200940","5","Top demais!","2026-04-21 13:10:54"
"200137","400137","600920","200593","5","Muito bom trabalho. Faria negócio de novo.","2026-04-21 13:20:07"
"200610","400610","600992","200005","5","Serviço de ótima qualidade, voltarei a contratar.","2026-04-21 16:32:25"
"200871","400871","601490","200218","5","Incrível, superou tudo.","2026-04-21 23:23:22"
"200762","400762","601397","200207","5","Serviço impecável. Pontual e prestativo.","2026-04-21 23:28:25"
"200393","400393","601450","200554","5","Melhor profissional que já contratei nessa área.","2026-04-22 00:03:28"
"200243","400243","600878","200381","4","Fez um serviço excelente com um ótimo preço.","2026-04-22 06:33:07"
"200049","400049","600058","200264","5","","2026-04-23 05:24:54"
"200579","400579","600064","200494","5","Incrível, superou tudo.","2026-04-23 08:30:04"
"200980","400980","601377","200929","4","Trabalho impecável, superou minhas expectativas.","2026-04-23 10:42:22"
"200782","400782","600050","200392","5","Top demais!","2026-04-23 13:06:06"
"200069","400069","601232","200793","5","Perfeito, amei!","2026-04-23 15:29:03"
"200149","400149","601126","200094","5","Excelente profissional, super recomendo!","2026-04-23 16:36:38"
"200614","400614","600584","200222","5","Atencioso e caprichoso no trabalho. Voltarei a usar.","2026-04-23 19:02:41"
"200543","400543","601186","200662","1","Não cumpriu o prazo acordado.","2026-04-23 22:11:10"
"200218","400218","600629","200175","5","Profissional dedicado e competente. Nota 10!","2026-04-23 23:51:12"
"200678","400678","601192","200263","5","Preço justo e serviço de alta qualidade.","2026-04-24 01:08:12"
"200792","400792","601023","200336","5","","2026-04-24 02:46:59"
"200290","400290","600671","200231","4","Top demais!","2026-04-24 09:29:50"
"200572","400572","601441","200134","3","Cumpriu o combinado.","2026-04-24 11:03:42"
"200052","400052","601248","200994","5","Perfeito, amei!","2026-04-24 12:32:40"
"200735","400735","601495","200259","5","Muito bom trabalho. Faria negócio de novo.","2026-04-24 19:33:21"
"200960","400960","601337","200290","3","Bueno.","2026-04-25 00:54:05"
"200175","400175","601424","200690","5","Cumpriu tudo o que prometeu. Excelente!","2026-04-25 07:03:23"
"200586","400586","600655","200810","5","Profissional dedicado e competente. Nota 10!","2026-04-25 15:44:44"
"200593","400593","600140","200246","5","Profissional dedicado e competente. Nota 10!","2026-04-25 17:16:14"
"200889","400889","600770","200747","4","Incrível, superou tudo.","2026-04-25 17:31:20"
"200895","400895","600474","200061","3","Dentro do esperado.","2026-04-25 18:23:40"
"200564","400564","600575","200800","5","","2026-04-25 20:17:11"
"200505","400505","601162","200113","4","Muito pontual e educado. Ficou perfeito!","2026-04-26 00:20:25"
"200284","400284","600012","200066","5","mt bom","2026-04-26 01:31:13"
"200557","400557","600129","200858","4","Muito satisfeito com o resultado. Recomendo.","2026-04-26 06:43:25"
"200785","400785","600272","200350","5","Profissional dedicado e competente. Nota 10!","2026-04-26 08:41:53"
"200490","400490","600492","200337","2","Serviço mal feito, precisou refazer partes.","2026-04-26 14:17:59"
"200013","400013","601403","200552","5","Muito bom mesmo!","2026-04-26 19:54:45"
"200805","400805","600220","200787","3","Cumpriu o combinado.","2026-04-26 20:46:44"
"200150","400150","601237","200727","3","","2026-04-26 21:21:47"
"200362","400362","600073","200784","5","Perfeito, amei!","2026-04-27 00:45:28"
"200622","400622","600859","200890","4","Muito bom trabalho. Faria negócio de novo.","2026-04-27 02:38:26"
"200558","400558","600283","200818","3","Ok.","2026-04-27 07:15:25"
"200220","400220","600999","200319","5","Top demais!","2026-04-27 16:55:51"
"200051","400051","600259","200625","5","","2026-04-27 17:46:57"
"200457","400457","601098","200909","5","Excelente profissional, super recomendo!","2026-04-27 22:17:06"
"200901","400901","600361","200913","5","","2026-04-27 23:08:19"
"200109","400109","601283","200134","5","Serviço de ótima qualidade, voltarei a contratar.","2026-04-28 00:34:12"
"200701","400701","600648","200091","4","Muito satisfeito com o resultado. Recomendo.","2026-04-28 03:43:49"
"200825","400825","601384","200247","5","Preço justo e serviço de alta qualidade.","2026-04-28 06:24:42"
"200118","400118","600377","200104","3","Ok.","2026-04-28 10:04:29"
"200106","400106","600481","200129","5","Excelente profissional, super recomendo!","2026-04-28 10:04:34"
"200742","400742","600941","200014","5","Perfeito, amei!","2026-04-29 00:18:09"
"200890","400890","600913","200756","5","Adorei o resultado final! Muito profissional.","2026-04-29 02:11:27"
"200010","400010","600704","200535","5","Muito satisfeito com o resultado. Recomendo.","2026-04-29 05:41:29"
"200798","400798","600607","200277","4","Top demais!","2026-04-29 07:42:42"
"200887","400887","600960","200105","3","Bueno.","2026-04-29 08:46:15"
"200484","400484","600838","200754","1","Muito abaixo do esperado.","2026-04-29 10:36:16"
"200552","400552","600331","200854","5","Fez um serviço excelente com um ótimo preço.","2026-04-29 10:39:14"
"200734","400734","601127","200821","5","Atencioso e caprichoso no trabalho. Voltarei a usar.","2026-04-29 22:15:25"
"200075","400075","600579","200541","2","Não valeu o preço.","2026-04-30 00:08:26"
"200474","400474","600743","200806","4","Perfeito, amei!","2026-04-30 01:19:35"
"200943","400943","600188","200276","4","Fez um serviço excelente com um ótimo preço.","2026-04-30 04:47:54"
"200271","400271","600116","200730","5","Ótimo serviço! Ficou melhor do que esperava.","2026-04-30 05:56:24"
"200091","400091","600943","200949","5","Melhor profissional que já contratei nessa área.","2026-04-30 08:17:18"
"200142","400142","600844","200817","5","Cumpriu tudo o que prometeu. Excelente!","2026-04-30 11:20:30"
"200219","400219","600756","200756","4","Excelente profissional, super recomendo!","2026-04-30 12:21:47"
"200396","400396","601012","200501","5","Preço justo e serviço de alta qualidade.","2026-04-30 15:10:30"
"200209","400209","600852","200159","3","Foi ok, mas poderia ser melhor.","2026-04-30 18:44:00"
"200320","400320","601273","200936","5","Recomendo sem hesitar. Trabalho nota 10!","2026-04-30 19:03:59"
"200727","400727","600599","200588","5","Ótimo serviço! Ficou melhor do que esperava.","2026-04-30 19:54:04"
"200790","400790","600373","200505","5","Recomendo sem hesitar. Trabalho nota 10!","2026-04-30 20:22:18"
"200385","400385","600040","200174","5","Serviço impecável. Pontual e prestativo.","2026-04-30 23:14:44"
"200309","400309","600503","200377","5","Adorei o resultado final! Muito profissional.","2026-05-01 01:02:32"
"200441","400441","600473","200132","4","mt bom","2026-05-01 02:26:39"
"200227","400227","600474","200566","5","Atencioso e caprichoso no trabalho. Voltarei a usar.","2026-05-01 11:19:19"
"200260","400260","601013","200042","5","Recomendo sem hesitar. Trabalho nota 10!","2026-05-01 17:55:29"
"200675","400675","600770","200474","5","","2026-05-01 21:06:00"
"200550","400550","600519","200622","1","Demorou mais do que o combinado.","2026-05-01 23:52:00"
"200303","400303","600503","200169","2","Profissional pouco atencioso e descuidado.","2026-05-02 04:15:53"
"200922","400922","600601","200114","4","Muito bom trabalho. Faria negócio de novo.","2026-05-02 09:20:52"
"200274","400274","601315","200422","4","Preço justo e serviço de alta qualidade.","2026-05-02 11:56:38"
"200276","400276","601196","200719","5","Fez um serviço excelente com um ótimo preço.","2026-05-02 13:54:26"
"200635","400635","601284","200529","5","Serviço de ótima qualidade, voltarei a contratar.","2026-05-02 15:58:12"
"200151","400151","601360","200616","2","Resultado final deixou a desejar.","2026-05-02 17:39:49"
"200965","400965","600041","200752","5","Fez um serviço excelente com um ótimo preço.","2026-05-02 20:49:56"
"200832","400832","600734","200024","5","Muito bom trabalho. Faria negócio de novo.","2026-05-03 01:03:12"
"200387","400387","601467","200033","3","Cumpriu o combinado.","2026-05-03 06:52:52"
"200021","400021","601309","200295","5","Incrível, superou tudo.","2026-05-03 07:58:10"
"200353","400353","600436","200914","5","Recomendo sem hesitar. Trabalho nota 10!","2026-05-03 14:30:49"
"200892","400892","600049","200732","5","Muito bom mesmo!","2026-05-03 18:50:45"
"200679","400679","600056","200047","5","Trabalho impecável, superou minhas expectativas.","2026-05-03 21:47:53"
"200688","400688","601010","200062","4","Cumpriu tudo o que prometeu. Excelente!","2026-05-03 22:35:46"
"200968","400968","601255","200753","5","Ótimo serviço! Ficou melhor do que esperava.","2026-05-03 23:16:24"
"200269","400269","600259","200254","3","Atendeu às expectativas.","2026-05-04 02:03:03"
"200470","400470","600019","200488","5","Adorei o resultado final! Muito profissional.","2026-05-04 03:03:35"
"200410","400410","600559","200626","5","Incrível, superou tudo.","2026-05-04 03:37:18"
"200025","400025","600721","200702","4","Serviço impecável. Pontual e prestativo.","2026-05-04 03:54:18"
"200533","400533","601164","200825","5","Adorei o resultado final! Muito profissional.","2026-05-04 05:25:47"
"200030","400030","600686","200425","4","mt bom","2026-05-04 12:21:57"
"200950","400950","600156","200045","5","Perfeito, amei!","2026-05-04 14:00:31"
"200608","400608","600120","200982","5","Resolveu tudo rapidinho e com muita qualidade.","2026-05-04 21:18:52"
"200795","400795","600845","200066","5","Resolveu tudo rapidinho e com muita qualidade.","2026-05-04 23:06:28"
"200291","400291","601195","200698","1","Péssimo atendimento.","2026-05-05 02:49:39"
"200770","400770","600251","200503","5","Trabalho impecável, superou minhas expectativas.","2026-05-05 10:25:44"
"200502","400502","600597","200225","3","Dentro do esperado.","2026-05-05 14:04:26"
"200713","400713","600859","200074","5","Trabalho impecável, superou minhas expectativas.","2026-05-06 00:49:08"
"200145","400145","600179","200045","4","Muito bom mesmo!","2026-05-06 01:05:57"
"200252","400252","600327","200248","5","Ótimo atendimento, serviço entregue no prazo.","2026-05-06 02:48:36"
"200562","400562","600453","200697","5","Top demais!","2026-05-06 06:50:16"
"200323","400323","600347","200204","5","","2026-05-06 19:51:45"
"200370","400370","600669","200683","4","","2026-05-07 04:49:51"
"200571","400571","601480","200830","3","Normal, sem nada a destacar.","2026-05-07 05:31:22"
"200251","400251","600374","200504","3","","2026-05-07 20:44:04"
"200402","400402","600730","200080","5","Muito bom mesmo!","2026-05-07 22:47:34"
"200810","400810","601299","200393","4","Resolveu tudo rapidinho e com muita qualidade.","2026-05-07 23:26:47"
"200554","400554","601468","200552","4","Excelente profissional, super recomendo!","2026-05-07 23:47:49"
"200078","400078","600228","200062","5","Incrível, superou tudo.","2026-05-08 00:16:24"
"200216","400216","601140","200537","1","Resultado final deixou a desejar.","2026-05-08 02:01:32"
"200812","400812","600171","200040","4","Trabalho feito com muito cuidado e dedicação.","2026-05-08 11:43:40"
"200143","400143","600788","200342","5","mt bom","2026-05-08 17:48:54"
"200476","400476","600654","200535","4","Incrível, superou tudo.","2026-05-08 21:28:43"
"200367","400367","600413","200178","4","Resolveu tudo rapidinho e com muita qualidade.","2026-05-08 22:43:44"
"200065","400065","600100","200187","3","Serviço mediano, mas resolveu o problema.","2026-05-09 04:46:36"
"200937","400937","601440","200309","5","Muito satisfeito com o resultado. Recomendo.","2026-05-09 05:57:51"
"200254","400254","600782","200577","5","","2026-05-09 06:32:01"
"200148","400148","600842","200865","3","Normal, sem nada a destacar.","2026-05-09 07:38:03"
"200779","400779","600681","200898","5","Fez um serviço excelente com um ótimo preço.","2026-05-09 07:56:35"
"200300","400300","600224","200473","2","Deixou o ambiente sujo após o trabalho.","2026-05-09 08:43:55"
"200565","400565","600520","200825","4","Fez um serviço excelente com um ótimo preço.","2026-05-09 11:56:56"
"200529","400529","600547","200632","5","Trabalho impecável, superou minhas expectativas.","2026-05-09 14:25:45"
"200087","400087","600955","200231","5","Trabalho feito com muito cuidado e dedicação.","2026-05-09 15:06:27"
"200657","400657","601433","200720","1","Não recomendo, fui mal atendido.","2026-05-09 18:19:14"
"200156","400156","601006","200822","4","Serviço impecável. Pontual e prestativo.","2026-05-09 19:11:34"
"200991","400991","600958","200552","5","","2026-05-09 22:50:19"
"200279","400279","600296","200656","5","Serviço de ótima qualidade, voltarei a contratar.","2026-05-10 10:34:27"
"200979","400979","600119","200798","5","Profissional sério e comprometido. Recomendo a todos.","2026-05-10 11:07:51"
"200684","400684","600364","200039","5","","2026-05-10 11:47:28"
"200345","400345","600601","200863","5","Serviço impecável. Pontual e prestativo.","2026-05-10 12:05:44"
"200037","400037","600886","200064","5","Adorei o resultado final! Muito profissional.","2026-05-10 19:11:22"
"200880","400880","600981","200749","5","Muito bom mesmo!","2026-05-10 19:51:43"
"200038","400038","600043","200358","5","Top demais!","2026-05-10 20:59:38"
"200103","400103","600184","200692","1","Preço não condizente com a qualidade entregue.","2026-05-10 22:29:08"
"200749","400749","601336","200246","5","","2026-05-11 00:08:34"
"200837","400837","600300","200046","4","Melhor profissional que já contratei nessa área.","2026-05-11 02:34:28"
"200545","400545","600155","200674","4","Melhor profissional que já contratei nessa área.","2026-05-11 03:39:02"
"200307","400307","601439","200757","5","Muito pontual e educado. Ficou perfeito!","2026-05-11 04:37:23"
"200217","400217","600209","200425","5","Atencioso e caprichoso no trabalho. Voltarei a usar.","2026-05-11 11:17:26"
"200879","400879","601455","200683","3","Foi ok, mas poderia ser melhor.","2026-05-11 12:09:17"
"200072","400072","600871","200045","5","Cumpriu tudo o que prometeu. Excelente!","2026-05-11 19:59:42"
"200863","400863","600447","200493","5","Melhor profissional que já contratei nessa área.","2026-05-11 22:44:58"
"200131","400131","600807","200273","5","mt bom","2026-05-12 00:34:48"
"200617","400617","600208","200637","5","Profissional dedicado e competente. Nota 10!","2026-05-12 02:09:21"
"200453","400453","600108","200760","5","Ótimo serviço! Ficou melhor do que esperava.","2026-05-12 06:16:06"
"200673","400673","600685","200995","5","Melhor profissional que já contratei nessa área.","2026-05-12 08:42:47"
"200177","400177","600260","200670","5","","2026-05-12 11:50:40"
"200031","400031","600336","200906","5","Muito pontual e educado. Ficou perfeito!","2026-05-12 20:36:41"
"200158","400158","601176","200393","5","Trabalho feito com muito cuidado e dedicação.","2026-05-12 23:18:27"
